CREATE DATABASE  IF NOT EXISTS `ecobase` /*!40100 DEFAULT CHARACTER SET utf8mb4 COLLATE utf8mb4_0900_ai_ci */ /*!80016 DEFAULT ENCRYPTION='N' */;
USE `ecobase`;
-- MySQL dump 10.13  Distrib 8.0.41, for Win64 (x86_64)
--
-- Host: localhost    Database: ecobase
-- ------------------------------------------------------
-- Server version	8.0.41

/*!40101 SET @OLD_CHARACTER_SET_CLIENT=@@CHARACTER_SET_CLIENT */;
/*!40101 SET @OLD_CHARACTER_SET_RESULTS=@@CHARACTER_SET_RESULTS */;
/*!40101 SET @OLD_COLLATION_CONNECTION=@@COLLATION_CONNECTION */;
/*!50503 SET NAMES utf8 */;
/*!40103 SET @OLD_TIME_ZONE=@@TIME_ZONE */;
/*!40103 SET TIME_ZONE='+00:00' */;
/*!40014 SET @OLD_UNIQUE_CHECKS=@@UNIQUE_CHECKS, UNIQUE_CHECKS=0 */;
/*!40014 SET @OLD_FOREIGN_KEY_CHECKS=@@FOREIGN_KEY_CHECKS, FOREIGN_KEY_CHECKS=0 */;
/*!40101 SET @OLD_SQL_MODE=@@SQL_MODE, SQL_MODE='NO_AUTO_VALUE_ON_ZERO' */;
/*!40111 SET @OLD_SQL_NOTES=@@SQL_NOTES, SQL_NOTES=0 */;

--
-- Table structure for table `tb_ameaca`
--

DROP TABLE IF EXISTS `tb_ameaca`;
/*!40101 SET @saved_cs_client     = @@character_set_client */;
/*!50503 SET character_set_client = utf8mb4 */;
CREATE TABLE `tb_ameaca` (
  `genero` varchar(50) NOT NULL,
  `nome_especie` varchar(50) NOT NULL,
  `ameaca` varchar(300) NOT NULL
) ENGINE=InnoDB DEFAULT CHARSET=utf8mb4 COLLATE=utf8mb4_0900_ai_ci;
/*!40101 SET character_set_client = @saved_cs_client */;

--
-- Dumping data for table `tb_ameaca`
--

LOCK TABLES `tb_ameaca` WRITE;
/*!40000 ALTER TABLE `tb_ameaca` DISABLE KEYS */;
INSERT INTO `tb_ameaca` VALUES ('Adelpha','Adelpha atlantica','1 - Desenvolvimento residencial e comercial\r'),('Adelpha','Adelpha atlantica','1.1 - Expansão urbana 9 - Poluição\r'),('Adelpha','Adelpha atlantica','9.2 - Industrial\r'),('Adelpha','Adelpha atlantica','9.2.4 - Tipo desconhecido\r'),('Alopias','Alopias superciliosus','5 - Uso de recursos biológicos\r'),('Alopias','Alopias superciliosus','5.4 - Pesca e uso de recursos aquáticos\r'),('Alopias','Alopias superciliosus','5.4.6 - Captura indireta - larga escala\r'),('Alopias','Alopias superciliosus','5.4.6.6 - Arrasto 5 - Uso de recursos biológicos\r'),('Alopias','Alopias superciliosus','5.4 - Pesca e uso de recursos aquáticos\r'),('Alopias','Alopias superciliosus','5.4.6 - Captura indireta - larga escala\r'),('Alopias','Alopias superciliosus','5.4.6.7 - Emalhe 5 - Uso de recursos biológicos\r'),('Alopias','Alopias superciliosus','5.4 - Pesca e uso de recursos aquáticos\r'),('Alopias','Alopias superciliosus','5.4.6 - Captura indireta - larga escala\r'),('Alopias','Alopias superciliosus','5.4.6.8 - Espinhel\r'),('Alopias','Alopias vulpinus','5 - Uso de recursos biológicos\r'),('Alopias','Alopias vulpinus','5.4 - Pesca e uso de recursos aquáticos\r'),('Alopias','Alopias vulpinus','5.4.2 - Captura intencional - larga escala\r'),('Alopias','Alopias vulpinus','5.4.2.6 - Arrasto 5 - Uso de recursos biológicos\r'),('Alopias','Alopias vulpinus','5.4 - Pesca e uso de recursos aquáticos\r'),('Alopias','Alopias vulpinus','5.4.2 - Captura intencional - larga escala\r'),('Alopias','Alopias vulpinus','5.4.2.7 - Emalhe 5 - Uso de recursos biológicos\r'),('Alopias','Alopias vulpinus','5.4 - Pesca e uso de recursos aquáticos\r'),('Alopias','Alopias vulpinus','5.4.2 - Captura intencional - larga escala\r'),('Alopias','Alopias vulpinus','5.4.2.8 - Espinhel\r'),('Aburria','Aburria cujubi','1 - Desenvolvimento residencial e comercial\r'),('Aburria','Aburria cujubi','1.1 - Expansão urbana 2 - Agropecuária e Aquacultura\r'),('Aburria','Aburria cujubi','2.2 - Silvicultura\r'),('Aburria','Aburria cujubi','2.2.3 - Plantações em escala desconhecida 2 - Agropecuária e Aquacultura\r'),('Aburria','Aburria cujubi','2.3 - Pecuária\r'),('Aburria','Aburria cujubi','2.3.4 - Pecuária em escala desconhecida 4 - Transportes e serviços de transmissão\r'),('Aburria','Aburria cujubi','4.1 - Estradas e ferrovias 4 - Transportes e serviços de transmissão\r'),('Aburria','Aburria cujubi','4.7 - Linhas de força/transmissão 5 - Uso de recursos biológicos\r'),('Aburria','Aburria cujubi','5.1 - Caça e captura de animais terrestres ou marinhos\r'),('Aburria','Aburria cujubi','5.1.1 - Caça/captura intencional (a espécie é o alvo)\r'),('Aburria','Aburria cujubi','5.1.1.1 - Uso de subsistência/escambo local 5 - Uso de recursos biológicos\r'),('Aburria','Aburria cujubi','5.3 - Extração florestal\r'),('Aburria','Aburria cujubi','5.3.5 - Motivação desconhecida\r'),('Aratinga','Aratinga solstitialis','2 - Agropecuária e Aquacultura\r'),('Aratinga','Aratinga solstitialis','2.1 - Culturas anuais e perenes não-madeireiras\r'),('Aratinga','Aratinga solstitialis','2.1.4 - Agricultura de escala desconhecida 5 - Uso de recursos biológicos\r'),('Aratinga','Aratinga solstitialis','5.1 - Caça e captura de animais terrestres ou marinhos\r'),('Aratinga','Aratinga solstitialis','5.1.1 - Caça/captura intencional (a espécie é o alvo) 7 - Modificações nos sistemas naturais\r'),('Aratinga','Aratinga solstitialis','7.1 - Incêndios e supressão de incêndios\r'),('Alectrurus','Alectrurus tricolor','1 - Desenvolvimento residencial e comercial\r'),('Alectrurus','Alectrurus tricolor','1.3 - Áreas de turismo e recreação 2 - Agropecuária e Aquacultura\r'),('Alectrurus','Alectrurus tricolor','2.2 - Silvicultura\r'),('Alectrurus','Alectrurus tricolor','2.2.3 - Plantações em escala desconhecida 2 - Agropecuária e Aquacultura\r'),('Alectrurus','Alectrurus tricolor','2.3 - Pecuária\r'),('Alectrurus','Alectrurus tricolor','2.3.4 - Pecuária em escala desconhecida 7 - Modificações nos sistemas naturais\r'),('Alectrurus','Alectrurus tricolor','7.1 - Incêndios e supressão de incêndios\r'),('Alectrurus','Alectrurus tricolor','7.1.1 - Aumento da frequência/intensidade de incêndios 9 - Poluição\r'),('Alectrurus','Alectrurus tricolor','9.3 - Agropecuária e florestal\r'),('Alectrurus','Alectrurus tricolor','9.3.3 - Herbicidas e pesticidas\r'),('Antilophia','Antilophia bokermanni','1 - Desenvolvimento residencial e comercial\r'),('Antilophia','Antilophia bokermanni','1.1 - Expansão urbana 1 - Desenvolvimento residencial e comercial\r'),('Antilophia','Antilophia bokermanni','1.3 - Áreas de turismo e recreação 2 - Agropecuária e Aquacultura\r'),('Antilophia','Antilophia bokermanni','2.1 - Culturas anuais e perenes não-madeireiras\r'),('Antilophia','Antilophia bokermanni','2.1.2 - Agricultura em pequenas propriedades 7 - Modificações nos sistemas naturais\r'),('Antilophia','Antilophia bokermanni','7.2 - Represas e uso de água\r'),('Antilophia','Antilophia bokermanni','7.2.1 - Captação de água de superfície - uso doméstico 7 - Modificações nos sistemas naturais\r'),('Antilophia','Antilophia bokermanni','7.2 - Represas e uso de água\r'),('Antilophia','Antilophia bokermanni','7.2.2 - Captação de água de superfície - uso comercial 7 - Modificações nos sistemas naturais\r'),('Antilophia','Antilophia bokermanni','7.2 - Represas e uso de água\r'),('Antilophia','Antilophia bokermanni','7.2.3 - Captação de água de superfície - uso na agricultura\r'),('Anodorhynchus','Anodorhynchus leari','5 - Uso de recursos biológicos\r'),('Anodorhynchus','Anodorhynchus leari','5.1 - Caça e captura de animais terrestres ou marinhos\r'),('Anodorhynchus','Anodorhynchus leari','5.1.1 - Caça/captura intencional (a espécie é o alvo)\r'),('Anodorhynchus','Anodorhynchus leari','5.1.1.2 - Comercial - Nacional/Local 5 - Uso de recursos biológicos\r'),('Anodorhynchus','Anodorhynchus leari','5.1 - Caça e captura de animais terrestres ou marinhos\r'),('Anodorhynchus','Anodorhynchus leari','5.1.1 - Caça/captura intencional (a espécie é o alvo)\r'),('Anodorhynchus','Anodorhynchus leari','5.1.1.3 - Comercial - Internacional 5 - Uso de recursos biológicos\r'),('Anodorhynchus','Anodorhynchus leari','5.1 - Caça e captura de animais terrestres ou marinhos\r'),('Anodorhynchus','Anodorhynchus leari','5.1.1 - Caça/captura intencional (a espécie é o alvo)\r'),('Anodorhynchus','Anodorhynchus leari','5.1.1.6 - Retaliação/controle 5 - Uso de recursos biológicos\r'),('Anodorhynchus','Anodorhynchus leari','5.3 - Extração florestal\r'),('Anodorhynchus','Anodorhynchus leari','5.3.3 - Efeitos indiretos - subsistência/pequena escala 5 - Uso de recursos biológicos\r'),('Anodorhynchus','Anodorhynchus leari','5.3 - Extração florestal\r'),('Anodorhynchus','Anodorhynchus leari','5.3.4 - Efeitos indiretos - larga escala\r'),('Arrhopalites','Acherontides eleonorae','6 - Distúrbios humanos 6 - Distúrbios humanos\r'),('Arrhopalites','Acherontides eleonorae','6.1 - Atividades recreacionais/turísticas\r'),('Aegla','Aegla cavernicola','1 - Desenvolvimento residencial e comercial\r'),('Aegla','Aegla cavernicola','1.1 - Expansão urbana 6 - Distúrbios humanos\r'),('Aegla','Aegla cavernicola','6.1 - Atividades recreacionais/turísticas 7 - Modificações nos sistemas naturais\r'),('Aegla','Aegla cavernicola','7.3 - Outras modificações nos ecossistemas 9 - Poluição\r'),('Aegla','Aegla cavernicola','9.1 - Doméstica e urbana - escoamento de água\r'),('Aegla','Aegla cavernicola','9.1.1 - Esgoto 9 - Poluição\r'),('Aegla','Aegla cavernicola','9.3 - Agropecuária e florestal\r'),('Aegla','Aegla cavernicola','9.3.2 - Erosão do solo/sedimentação 9 - Poluição\r'),('Aegla','Aegla cavernicola','9.4 - Lixo e resíduos sólidos\r'),('Aegla','Aegla cavernicola','9.4.1 - Urbanos\r'),('Aegla','Aegla leptochela','3 - Produção energética e mineração\r'),('Aegla','Aegla leptochela','3.2 - Mineração\r'),('Aegla','Aegla leptochela','3.2.3 - Extração de minérios - subsolo 6 - Distúrbios humanos\r'),('Aegla','Aegla leptochela','6.1 - Atividades recreacionais/turísticas 7 - Modificações nos sistemas naturais\r'),('Aegla','Aegla leptochela','7.3 - Outras modificações nos ecossistemas 8 - Espécies invasoras problemáticas e doenças\r'),('Aegla','Aegla leptochela','8.1 - Espécies exóticas\r'),('Aegla','Aegla leptochela','8.1.1 - Espécie conhecida\r'),('Aegla','Aegla leptochela','8.1.1.1 - Competidores 8 - Espécies invasoras problemáticas e doenças\r'),('Aegla','Aegla leptochela','8.1 - Espécies exóticas\r'),('Aegla','Aegla leptochela','8.1.1 - Espécie conhecida\r'),('Aegla','Aegla leptochela','8.1.1.2 - Predadores 9 - Poluição\r'),('Aegla','Aegla leptochela','9.2 - Industrial\r'),('Aegla','Aegla leptochela','9.2.2 - Infiltraçao oriunda de mineração 9 - Poluição\r'),('Aegla','Aegla leptochela','9.2 - Industrial\r'),('Aegla','Aegla leptochela','9.2.3 - Contaminação por metais pesados\r'),('Aegla','Aegla microphthalma','3 - Produção energética e mineração\r'),('Aegla','Aegla microphthalma','3.2 - Mineração\r'),('Aegla','Aegla microphthalma','3.2.3 - Extração de minérios - subsolo 6 - Distúrbios humanos\r'),('Aegla','Aegla microphthalma','6.1 - Atividades recreacionais/turísticas 7 - Modificações nos sistemas naturais\r'),('Aegla','Aegla microphthalma','7.3 - Outras modificações nos ecossistemas 8 - Espécies invasoras problemáticas e doenças\r'),('Aegla','Aegla microphthalma','8.2 - Espécies domésticas\r'),('Aegla','Aegla microphthalma','8.2.1 - Competidores 8 - Espécies invasoras problemáticas e doenças\r'),('Aegla','Aegla microphthalma','8.2 - Espécies domésticas\r'),('Aegla','Aegla microphthalma','8.2.2 - Predadores 9 - Poluição\r'),('Aegla','Aegla microphthalma','9.2 - Industrial\r'),('Aegla','Aegla microphthalma','9.2.2 - Infiltraçao oriunda de mineração 9 - Poluição\r'),('Aegla','Aegla microphthalma','9.2 - Industrial\r'),('Aegla','Aegla microphthalma','9.2.3 - Contaminação por metais pesados\r'),('Amazoniscus','Amazoniscus leistikowi','11 - Mudanças e extremos climáticos\r'),('Amazoniscus','Amazoniscus leistikowi','11.1 - Mudança/alteração de habitat 2 - Agropecuária e Aquacultura\r'),('Amazoniscus','Amazoniscus leistikowi','2.3 - Pecuária\r'),('Amazoniscus','Amazoniscus leistikowi','2.3.4 - Pecuária em escala desconhecida 3 - Produção energética e mineração\r'),('Amazoniscus','Amazoniscus leistikowi','3.3 - Energia renovável\r'),('Amazoniscus','Amazoniscus leistikowi','3.3.1 - Hidrelétricas 5 - Uso de recursos biológicos\r'),('Amazoniscus','Amazoniscus leistikowi','5.3 - Extração florestal\r'),('Amazoniscus','Amazoniscus leistikowi','5.3.5 - Motivação desconhecida 7 - Modificações nos sistemas naturais\r'),('Amazoniscus','Amazoniscus leistikowi','7.2 - Represas e uso de água\r'),('Amazoniscus','Amazoniscus leistikowi','7.2.10 - Represas (grandes) 7 - Modificações nos sistemas naturais\r'),('Amazoniscus','Amazoniscus leistikowi','7.3 - Outras modificações nos ecossistemas\r'),('Archolaemus','Archolaemus ferreirai','3 - Produção energética e mineração\r'),('Archolaemus','Archolaemus ferreirai','3.2 - Mineração\r'),('Archolaemus','Archolaemus ferreirai','3.2.4 - Extração de minérios - garimpo 3 - Produção energética e mineração\r'),('Archolaemus','Archolaemus ferreirai','3.3 - Energia renovável\r'),('Archolaemus','Archolaemus ferreirai','3.3.1 - Hidrelétricas\r'),('Archolaemus','Archolaemus santosi','3 - Produção energética e mineração\r'),('Archolaemus','Archolaemus santosi','3.3 - Energia renovável\r'),('Archolaemus','Archolaemus santosi','3.3.1 - Hidrelétricas\r'),('Arrhopalites','Arrhopalites alambariensis','1 - Desenvolvimento residencial e comercial\r'),('Arrhopalites','Arrhopalites alambariensis','1.1 - Expansão urbana 1 - Desenvolvimento residencial e comercial\r'),('Arrhopalites','Arrhopalites alambariensis','1.3 - Áreas de turismo e recreação 6 - Distúrbios humanos\r'),('Arrhopalites','Arrhopalites alambariensis','6.1 - Atividades recreacionais/turísticas 7 - Modificações nos sistemas naturais\r'),('Arrhopalites','Arrhopalites alambariensis','7.3 - Outras modificações nos ecossistemas\r'),('Arrhopalites','Arrhopalites amorimi','6 - Distúrbios humanos\r'),('Arrhopalites','Arrhopalites amorimi','6.1 - Atividades recreacionais/turísticas\r'),('Arrhopalites','Arrhopalites botuveraensis','1 - Desenvolvimento residencial e comercial\r'),('Arrhopalites','Arrhopalites botuveraensis','1.1 - Expansão urbana 1 - Desenvolvimento residencial e comercial\r'),('Arrhopalites','Arrhopalites botuveraensis','1.3 - Áreas de turismo e recreação 6 - Distúrbios humanos\r'),('Arrhopalites','Arrhopalites botuveraensis','6.1 - Atividades recreacionais/turísticas 7 - Modificações nos sistemas naturais\r'),('Arrhopalites','Arrhopalites botuveraensis','7.2 - Represas e uso de água\r'),('Arrhopalites','Arrhopalites botuveraensis','7.2.11 - Represas (tamanho desconhecido) 7 - Modificações nos sistemas naturais\r'),('Arrhopalites','Arrhopalites botuveraensis','7.3 - Outras modificações nos ecossistemas\r'),('Arrhopalites','Arrhopalites gnaspinii','6 - Distúrbios humanos\r'),('Arrhopalites','Arrhopalites gnaspinii','6.1 - Atividades recreacionais/turísticas\r'),('Arrhopalites','Arrhopalites heteroculatus','6 - Distúrbios humanos\r'),('Arrhopalites','Arrhopalites heteroculatus','6.1 - Atividades recreacionais/turísticas\r'),('Arrhopalites','Arrhopalites lawrencei','11 - Mudanças e extremos climáticos\r'),('Arrhopalites','Arrhopalites lawrencei','11.1 - Mudança/alteração de habitat 1 - Desenvolvimento residencial e comercial\r'),('Arrhopalites','Arrhopalites lawrencei','1.3 - Áreas de turismo e recreação 6 - Distúrbios humanos\r'),('Arrhopalites','Arrhopalites lawrencei','6.1 - Atividades recreacionais/turísticas\r'),('Arrhopalites','Arrhopalites paranaensis','11 - Mudanças e extremos climáticos\r'),('Arrhopalites','Arrhopalites paranaensis','11.1 - Mudança/alteração de habitat 1 - Desenvolvimento residencial e comercial\r'),('Arrhopalites','Arrhopalites paranaensis','1.1 - Expansão urbana 1 - Desenvolvimento residencial e comercial\r'),('Arrhopalites','Arrhopalites paranaensis','1.3 - Áreas de turismo e recreação 6 - Distúrbios humanos\r'),('Arrhopalites','Arrhopalites paranaensis','6.1 - Atividades recreacionais/turísticas\r'),('Anabazenops','Anabazenops dorsalis','2 - Agropecuária e Aquacultura\r'),('Anabazenops','Anabazenops dorsalis','2.1 - Culturas anuais e perenes não-madeireiras\r'),('Anabazenops','Anabazenops dorsalis','2.1.4 - Agricultura de escala desconhecida 2 - Agropecuária e Aquacultura\r'),('Anabazenops','Anabazenops dorsalis','2.2 - Silvicultura\r'),('Anabazenops','Anabazenops dorsalis','2.2.3 - Plantações em escala desconhecida 2 - Agropecuária e Aquacultura\r'),('Anabazenops','Anabazenops dorsalis','2.3 - Pecuária\r'),('Anabazenops','Anabazenops dorsalis','2.3.4 - Pecuária em escala desconhecida 5 - Uso de recursos biológicos\r'),('Anabazenops','Anabazenops dorsalis','5.3 - Extração florestal\r'),('Anabazenops','Anabazenops dorsalis','5.3.5 - Motivação desconhecida 7 - Modificações nos sistemas naturais\r'),('Anabazenops','Anabazenops dorsalis','7.1 - Incêndios e supressão de incêndios\r'),('Anabazenops','Anabazenops dorsalis','7.1.1 - Aumento da frequência/intensidade de incêndios\r'),('Arremonops','Arremonops conirostris','2 - Agropecuária e Aquacultura\r'),('Arremonops','Arremonops conirostris','2.1 - Culturas anuais e perenes não-madeireiras\r'),('Arremonops','Arremonops conirostris','2.1.4 - Agricultura de escala desconhecida 3 - Produção energética e mineração\r'),('Arremonops','Arremonops conirostris','3.3 - Energia renovável\r'),('Arremonops','Arremonops conirostris','3.3.1 - Hidrelétricas 7 - Modificações nos sistemas naturais\r'),('Arremonops','Arremonops conirostris','7.1 - Incêndios e supressão de incêndios\r'),('Arremonops','Arremonops conirostris','7.1.1 - Aumento da frequência/intensidade de incêndios\r'),('Aegla','Aegla charon','9 - Poluição\r'),('Aegla','Aegla charon','9.2 - Industrial\r'),('Aegla','Aegla charon','9.2.2 - Infiltraçao oriunda de mineração 9 - Poluição\r'),('Aegla','Aegla charon','9.2 - Industrial\r'),('Aegla','Aegla charon','9.2.3 - Contaminação por metais pesados\r'),('Adelophryne','Adelophryne maranguapensis','1 - Desenvolvimento residencial e comercial\r'),('Adelophryne','Adelophryne maranguapensis','1.1 - Expansão urbana 1 - Desenvolvimento residencial e comercial\r'),('Adelophryne','Adelophryne maranguapensis','1.3 - Áreas de turismo e recreação 2 - Agropecuária e Aquacultura\r'),('Adelophryne','Adelophryne maranguapensis','2.1 - Culturas anuais e perenes não-madeireiras\r'),('Adelophryne','Adelophryne maranguapensis','2.1.2 - Agricultura em pequenas propriedades 5 - Uso de recursos biológicos\r'),('Adelophryne','Adelophryne maranguapensis','5.2 - Coleta de plantas terrestres\r'),('Adelophryne','Adelophryne maranguapensis','5.2.2 - Efeitos indiretos (a espécie não é o alvo)\r'),('Archisotoma','Archisotoma arariboia','6 - Distúrbios humanos\r'),('Archisotoma','Archisotoma arariboia','6.1 - Atividades recreacionais/turísticas 7 - Modificações nos sistemas naturais\r'),('Archisotoma','Archisotoma arariboia','7.3 - Outras modificações nos ecossistemas 9 - Poluição\r'),('Archisotoma','Archisotoma arariboia','9.4 - Lixo e resíduos sólidos\r'),('Archisotoma','Archisotoma arariboia','9.4.1 - Urbanos 9 - Poluição\r'),('Archisotoma','Archisotoma arariboia','9.4 - Lixo e resíduos sólidos\r'),('Archisotoma','Archisotoma arariboia','9.4.2 - Industriais\r'),('Arrhopalites','Arrhopalites glabrofasciatus','3 - Produção energética e mineração\r'),('Arrhopalites','Arrhopalites glabrofasciatus','3.2 - Mineração\r'),('Arrhopalites','Arrhopalites glabrofasciatus','3.2.3 - Extração de minérios - subsolo\r'),('Archisotoma','Archisotoma catiae','1 - Desenvolvimento residencial e comercial\r'),('Archisotoma','Archisotoma catiae','1.1 - Expansão urbana 1 - Desenvolvimento residencial e comercial\r'),('Archisotoma','Archisotoma catiae','1.3 - Áreas de turismo e recreação 7 - Modificações nos sistemas naturais\r'),('Archisotoma','Archisotoma catiae','7.1 - Incêndios e supressão de incêndios\r'),('Archisotoma','Archisotoma catiae','7.1.1 - Aumento da frequência/intensidade de incêndios 9 - Poluição\r'),('Archisotoma','Archisotoma catiae','9.1 - Doméstica e urbana - escoamento de água\r'),('Archisotoma','Archisotoma catiae','9.1.3 - Tipo desconhecido\r'),('Arrhopalites','Aethiopella littoralis','1 - Desenvolvimento residencial e comercial\r'),('Arrhopalites','Aethiopella littoralis','1.1 - Expansão urbana 9 - Poluição\r'),('Arrhopalites','Aethiopella littoralis','9.1 - Doméstica e urbana - escoamento de água\r'),('Arrhopalites','Aethiopella littoralis','9.1.3 - Tipo desconhecido\r'),('Arrhopalites','Agraphorura mariapetrae','1 - Desenvolvimento residencial e comercial\r'),('Arrhopalites','Agraphorura mariapetrae','1.1 - Expansão urbana 7 - Modificações nos sistemas naturais\r'),('Arrhopalites','Agraphorura mariapetrae','7.1 - Incêndios e supressão de incêndios\r'),('Arrhopalites','Agraphorura mariapetrae','7.1.1 - Aumento da frequência/intensidade de incêndios\r'),('Arlea','Arlea arenicola','1 - Desenvolvimento residencial e comercial\r'),('Arlea','Arlea arenicola','1.1 - Expansão urbana 7 - Modificações nos sistemas naturais\r'),('Arlea','Arlea arenicola','7.1 - Incêndios e supressão de incêndios\r'),('Arlea','Arlea arenicola','7.1.1 - Aumento da frequência/intensidade de incêndios\r'),('Arrhopalites','Arlesia intermedia','1 - Desenvolvimento residencial e comercial\r'),('Arrhopalites','Arlesia intermedia','1.1 - Expansão urbana 7 - Modificações nos sistemas naturais\r'),('Arrhopalites','Arlesia intermedia','7.1 - Incêndios e supressão de incêndios\r'),('Arrhopalites','Arlesia intermedia','7.1.1 - Aumento da frequência/intensidade de incêndios\r'),('Arlea','Arlea psammophila','1 - Desenvolvimento residencial e comercial\r'),('Arlea','Arlea psammophila','1.1 - Expansão urbana 7 - Modificações nos sistemas naturais\r'),('Arlea','Arlea psammophila','7.1 - Incêndios e supressão de incêndios\r'),('Arlea','Arlea psammophila','7.1.1 - Aumento da frequência/intensidade de incêndios\r'),('Ariadna','Ariadna aurea','3 - Produção energética e mineração\r'),('Ariadna','Ariadna aurea','3.2 - Mineração\r'),('Ariadna','Ariadna aurea','3.2.3 - Extração de minérios - subsolo\r'),('Anomaloglossus','Anomaloglossus apiau','1 - Desenvolvimento residencial e comercial\r'),('Anomaloglossus','Anomaloglossus apiau','1.1 - Expansão urbana 2 - Agropecuária e Aquacultura\r'),('Anomaloglossus','Anomaloglossus apiau','2.1 - Culturas anuais e perenes não-madeireiras\r'),('Anomaloglossus','Anomaloglossus apiau','2.1.4 - Agricultura de escala desconhecida 2 - Agropecuária e Aquacultura\r'),('Anomaloglossus','Anomaloglossus apiau','2.3 - Pecuária\r'),('Anomaloglossus','Anomaloglossus apiau','2.3.4 - Pecuária em escala desconhecida 5 - Uso de recursos biológicos\r'),('Anomaloglossus','Anomaloglossus apiau','5.3 - Extração florestal 7 - Modificações nos sistemas naturais\r'),('Anomaloglossus','Anomaloglossus apiau','7.1 - Incêndios e supressão de incêndios\r'),('Anomaloglossus','Anomaloglossus apiau','7.1.1 - Aumento da frequência/intensidade de incêndios\r'),('Anomaloglossus','Anomaloglossus tepequem','2 - Agropecuária e Aquacultura\r'),('Anomaloglossus','Anomaloglossus tepequem','2.1 - Culturas anuais e perenes não-madeireiras\r'),('Anomaloglossus','Anomaloglossus tepequem','2.1.4 - Agricultura de escala desconhecida 3 - Produção energética e mineração\r'),('Anomaloglossus','Anomaloglossus tepequem','3.2 - Mineração\r'),('Anomaloglossus','Anomaloglossus tepequem','3.2.4 - Extração de minérios - garimpo 6 - Distúrbios humanos\r'),('Anomaloglossus','Anomaloglossus tepequem','6.1 - Atividades recreacionais/turísticas 7 - Modificações nos sistemas naturais\r'),('Anomaloglossus','Anomaloglossus tepequem','7.1 - Incêndios e supressão de incêndios\r'),('Anomaloglossus','Anomaloglossus tepequem','7.1.3 - Tendência desconhecida\r'),('Ancistrus','Ancistrus minutus','1 - Desenvolvimento residencial e comercial\r'),('Ancistrus','Ancistrus minutus','1.1 - Expansão urbana 2 - Agropecuária e Aquacultura\r'),('Ancistrus','Ancistrus minutus','2.1 - Culturas anuais e perenes não-madeireiras\r'),('Ancistrus','Ancistrus minutus','2.1.4 - Agricultura de escala desconhecida 2 - Agropecuária e Aquacultura\r'),('Ancistrus','Ancistrus minutus','2.3 - Pecuária\r'),('Ancistrus','Ancistrus minutus','2.3.4 - Pecuária em escala desconhecida 3 - Produção energética e mineração\r'),('Ancistrus','Ancistrus minutus','3.3 - Energia renovável\r'),('Ancistrus','Ancistrus minutus','3.3.1 - Hidrelétricas\r'),('Aegla','Aegla renana','9 - Poluição\r'),('Aegla','Aegla renana','9.1 - Doméstica e urbana - escoamento de água\r'),('Aegla','Aegla brevipalma','2 - Agropecuária e Aquacultura\r'),('Aegla','Aegla brevipalma','2.2 - Silvicultura\r'),('Aegla','Aegla brevipalma','2.2.1 - Plantações em pequenas propriedades 2 - Agropecuária e Aquacultura\r'),('Aegla','Aegla brevipalma','2.3 - Pecuária\r'),('Aegla','Aegla brevipalma','2.3.2 - Pecuária em pequenas propriedades 9 - Poluição\r'),('Aegla','Aegla brevipalma','9.3 - Agropecuária e florestal\r'),('Aegla','Aegla brevipalma','9.3.1 - Acúmulo de nutrientes 9 - Poluição\r'),('Aegla','Aegla brevipalma','9.3 - Agropecuária e florestal\r'),('Aegla','Aegla brevipalma','9.3.2 - Erosão do solo/sedimentação\r'),('Aegla','Aegla camargoi','2 - Agropecuária e Aquacultura\r'),('Aegla','Aegla camargoi','2.2 - Silvicultura\r'),('Aegla','Aegla camargoi','2.2.3 - Plantações em escala desconhecida 2 - Agropecuária e Aquacultura\r'),('Aegla','Aegla camargoi','2.3 - Pecuária\r'),('Aegla','Aegla camargoi','2.3.4 - Pecuária em escala desconhecida\r'),('Aegla','Aegla franca','1 - Desenvolvimento residencial e comercial\r'),('Aegla','Aegla franca','1.2 - Áreas comerciais e industriais 2 - Agropecuária e Aquacultura\r'),('Aegla','Aegla franca','2.3 - Pecuária 4 - Transportes e serviços de transmissão\r'),('Aegla','Aegla franca','4.1 - Estradas e ferrovias\r'),('Aegla','Aegla inconspicua','1 - Desenvolvimento residencial e comercial\r'),('Aegla','Aegla inconspicua','1.1 - Expansão urbana 2 - Agropecuária e Aquacultura\r'),('Aegla','Aegla inconspicua','2.1 - Culturas anuais e perenes não-madeireiras\r'),('Aegla','Aegla inconspicua','2.1.4 - Agricultura de escala desconhecida\r'),('Aegla','Aegla inermis','2 - Agropecuária e Aquacultura\r'),('Aegla','Aegla inermis','2.1 - Culturas anuais e perenes não-madeireiras\r'),('Aegla','Aegla inermis','2.1.4 - Agricultura de escala desconhecida 4 - Transportes e serviços de transmissão\r'),('Aegla','Aegla inermis','4.1 - Estradas e ferrovias 9 - Poluição\r'),('Aegla','Aegla inermis','9.3 - Agropecuária e florestal\r'),('Aegla','Aegla inermis','9.3.3 - Herbicidas e pesticidas\r'),('Aegla','Aegla itacolomiensis','1 - Desenvolvimento residencial e comercial\r'),('Aegla','Aegla itacolomiensis','1.1 - Expansão urbana 2 - Agropecuária e Aquacultura\r'),('Aegla','Aegla itacolomiensis','2.1 - Culturas anuais e perenes não-madeireiras\r'),('Aegla','Aegla itacolomiensis','2.1.4 - Agricultura de escala desconhecida\r'),('Aegla','Aegla leachi','2 - Agropecuária e Aquacultura\r'),('Aegla','Aegla leachi','2.2 - Silvicultura\r'),('Aegla','Aegla leachi','2.2.2 - Plantações agro-industriais 7 - Modificações nos sistemas naturais\r'),('Aegla','Aegla leachi','7.1 - Incêndios e supressão de incêndios\r'),('Aegla','Aegla leachi','7.1.1 - Aumento da frequência/intensidade de incêndios\r'),('Aegla','Aegla manuinflata','2 - Agropecuária e Aquacultura\r'),('Aegla','Aegla manuinflata','2.3 - Pecuária\r'),('Aegla','Aegla manuinflata','2.3.4 - Pecuária em escala desconhecida\r'),('Aegla','Aegla oblata','2 - Agropecuária e Aquacultura\r'),('Aegla','Aegla oblata','2.1 - Culturas anuais e perenes não-madeireiras\r'),('Aegla','Aegla oblata','2.1.4 - Agricultura de escala desconhecida 9 - Poluição\r'),('Aegla','Aegla oblata','9.3 - Agropecuária e florestal\r'),('Aegla','Aegla oblata','9.3.3 - Herbicidas e pesticidas\r'),('Aegla','Aegla obstipa','2 - Agropecuária e Aquacultura\r'),('Aegla','Aegla obstipa','2.2 - Silvicultura\r'),('Aegla','Aegla obstipa','2.2.3 - Plantações em escala desconhecida 9 - Poluição\r'),('Aegla','Aegla obstipa','9.3 - Agropecuária e florestal\r'),('Aegla','Aegla obstipa','9.3.2 - Erosão do solo/sedimentação\r'),('Aegla','Aegla perobae','2 - Agropecuária e Aquacultura 7 - Modificações nos sistemas naturais 9 - Poluição\r'),('Aegla','Aegla perobae','9.3 - Agrícola e florestal 9 - Poluição\r'),('Aegla','Aegla perobae','9.4 - Lixo e resíduos sólidos\r'),('Aegla','Aegla violacea','2 - Agropecuária e Aquacultura\r'),('Aegla','Aegla violacea','2.1 - Culturas anuais e perenes não-madeireiras\r'),('Aegla','Aegla violacea','2.1.4 - Agricultura de escala desconhecida 2 - Agropecuária e Aquacultura\r'),('Aegla','Aegla violacea','2.2 - Silvicultura\r'),('Aegla','Aegla violacea','2.2.3 - Plantações em escala desconhecida 2 - Agropecuária e Aquacultura\r'),('Aegla','Aegla violacea','2.3 - Pecuária\r'),('Aegla','Aegla violacea','2.3.4 - Pecuária em escala desconhecida 9 - Poluição\r'),('Aegla','Aegla violacea','9.3 - Agropecuária e florestal\r'),('Aegla','Aegla violacea','9.3.3 - Herbicidas e pesticidas\r'),('Aburria','Aburria jacutinga','1 - Desenvolvimento residencial e comercial\r'),('Aburria','Aburria jacutinga','1.1 - Expansão urbana 3 - Produção energética e mineração\r'),('Aburria','Aburria jacutinga','3.3 - Energia renovável\r'),('Aburria','Aburria jacutinga','3.3.1 - Hidrelétricas 5 - Uso de recursos biológicos\r'),('Aburria','Aburria jacutinga','5.1 - Caça e captura de animais terrestres ou marinhos\r'),('Aburria','Aburria jacutinga','5.1.1 - Caça/captura intencional (a espécie é o alvo)\r'),('Aburria','Aburria jacutinga','5.1.1.1 - Uso de subsistência/escambo local 5 - Uso de recursos biológicos\r'),('Aburria','Aburria jacutinga','5.3 - Extração florestal\r'),('Aburria','Aburria jacutinga','5.3.3 - Efeitos indiretos - subsistência/pequena escala\r'),('Acrobatornis','Acrobatornis fonsecai','1 - Desenvolvimento residencial e comercial\r'),('Acrobatornis','Acrobatornis fonsecai','1.1 - Expansão urbana 2 - Agropecuária e Aquacultura\r'),('Acrobatornis','Acrobatornis fonsecai','2.1 - Culturas anuais e perenes não-madeireiras\r'),('Acrobatornis','Acrobatornis fonsecai','2.1.4 - Agricultura de escala desconhecida 2 - Agropecuária e Aquacultura\r'),('Acrobatornis','Acrobatornis fonsecai','2.2 - Silvicultura\r'),('Acrobatornis','Acrobatornis fonsecai','2.2.3 - Plantações em escala desconhecida 2 - Agropecuária e Aquacultura\r'),('Acrobatornis','Acrobatornis fonsecai','2.3 - Pecuária\r'),('Acrobatornis','Acrobatornis fonsecai','2.3.4 - Pecuária em escala desconhecida\r'),('Amadonastur','Amadonastur lacernulatus','1 - Desenvolvimento residencial e comercial\r'),('Amadonastur','Amadonastur lacernulatus','1.1 - Expansão urbana 2 - Agropecuária e Aquacultura\r'),('Amadonastur','Amadonastur lacernulatus','2.1 - Culturas anuais e perenes não-madeireiras\r'),('Amadonastur','Amadonastur lacernulatus','2.1.4 - Agricultura de escala desconhecida 2 - Agropecuária e Aquacultura\r'),('Amadonastur','Amadonastur lacernulatus','2.3 - Pecuária\r'),('Amadonastur','Amadonastur lacernulatus','2.3.4 - Pecuária em escala desconhecida 5 - Uso de recursos biológicos\r'),('Amadonastur','Amadonastur lacernulatus','5.1 - Caça e captura de animais terrestres ou marinhos\r'),('Amadonastur','Amadonastur lacernulatus','5.1.1 - Caça/captura intencional (a espécie é o alvo)\r'),('Amadonastur','Amadonastur lacernulatus','5.1.1.6 - Retaliação/controle\r'),('Amazona','Amazona pretrei','2 - Agropecuária e Aquacultura\r'),('Amazona','Amazona pretrei','2.3 - Pecuária\r'),('Amazona','Amazona pretrei','2.3.4 - Pecuária em escala desconhecida 5 - Uso de recursos biológicos\r'),('Amazona','Amazona pretrei','5.1 - Caça e captura de animais terrestres ou marinhos\r'),('Amazona','Amazona pretrei','5.1.1 - Caça/captura intencional (a espécie é o alvo)\r'),('Amazona','Amazona pretrei','5.1.1.1 - Uso de subsistência/escambo local 5 - Uso de recursos biológicos\r'),('Amazona','Amazona pretrei','5.1 - Caça e captura de animais terrestres ou marinhos\r'),('Amazona','Amazona pretrei','5.1.1 - Caça/captura intencional (a espécie é o alvo)\r'),('Amazona','Amazona pretrei','5.1.1.2 - Comercial - Nacional/Local 5 - Uso de recursos biológicos\r'),('Amazona','Amazona pretrei','5.3 - Extração florestal\r'),('Amazona','Amazona pretrei','5.3.2 - Uso intencional - larga escala 8 - Espécies invasoras problemáticas e doenças\r'),('Amazona','Amazona pretrei','8.5 - Doenças provocadas por vírus ou príons\r'),('Amazona','Amazona pretrei','8.5.2 - Espécie conhecida (Doença)\r'),('Amazona','Amazona rhodocorytha','1 - Desenvolvimento residencial e comercial\r'),('Amazona','Amazona rhodocorytha','1.1 - Expansão urbana 5 - Uso de recursos biológicos\r'),('Amazona','Amazona rhodocorytha','5.1 - Caça e captura de animais terrestres ou marinhos\r'),('Amazona','Amazona rhodocorytha','5.1.1 - Caça/captura intencional (a espécie é o alvo)\r'),('Amazona','Amazona rhodocorytha','5.1.1.2 - Comercial - Nacional/Local 5 - Uso de recursos biológicos\r'),('Amazona','Amazona rhodocorytha','5.1 - Caça e captura de animais terrestres ou marinhos\r'),('Amazona','Amazona rhodocorytha','5.1.1 - Caça/captura intencional (a espécie é o alvo)\r'),('Amazona','Amazona rhodocorytha','5.1.1.3 - Comercial - Internacional\r'),('Amazona','Amazona vinacea','5 - Uso de recursos biológicos\r'),('Amazona','Amazona vinacea','5.1 - Caça e captura de animais terrestres ou marinhos\r'),('Amazona','Amazona vinacea','5.1.1 - Caça/captura intencional (a espécie é o alvo)\r'),('Amazona','Amazona vinacea','5.1.1.1 - Uso de subsistência/escambo local 5 - Uso de recursos biológicos\r'),('Amazona','Amazona vinacea','5.1 - Caça e captura de animais terrestres ou marinhos\r'),('Amazona','Amazona vinacea','5.1.1 - Caça/captura intencional (a espécie é o alvo)\r'),('Amazona','Amazona vinacea','5.1.1.2 - Comercial - Nacional/Local 5 - Uso de recursos biológicos\r'),('Amazona','Amazona vinacea','5.1 - Caça e captura de animais terrestres ou marinhos\r'),('Amazona','Amazona vinacea','5.1.1 - Caça/captura intencional (a espécie é o alvo)\r'),('Amazona','Amazona vinacea','5.1.1.4 - Esportiva 5 - Uso de recursos biológicos\r'),('Amazona','Amazona vinacea','5.1 - Caça e captura de animais terrestres ou marinhos\r'),('Amazona','Amazona vinacea','5.1.1 - Caça/captura intencional (a espécie é o alvo)\r'),('Amazona','Amazona vinacea','5.1.1.6 - Retaliação/controle 5 - Uso de recursos biológicos\r'),('Amazona','Amazona vinacea','5.3 - Extração florestal\r'),('Amazona','Amazona vinacea','5.3.2 - Uso intencional - larga escala 8 - Espécies invasoras problemáticas e doenças\r'),('Amazona','Amazona vinacea','8.3 - Espécies nativas problemáticas\r'),('Amazona','Amazona vinacea','8.3.2 - Espécie não conhecida\r'),('Amazona','Amazona vinacea','8.3.2.1 - Competidores\r'),('Anodorhynchus','Anodorhynchus glaucus','2 - Agropecuária e Aquacultura\r'),('Anodorhynchus','Anodorhynchus glaucus','2.1 - Culturas anuais e perenes não-madeireiras 2 - Agropecuária e Aquacultura\r'),('Anodorhynchus','Anodorhynchus glaucus','2.3 - Pecuária 5 - Uso de recursos biológicos\r'),('Anodorhynchus','Anodorhynchus glaucus','5.1 - Caça e captura de animais terrestres ou marinhos\r'),('Anodorhynchus','Anodorhynchus glaucus','5.1.1 - Caça/captura intencional (a espécie é o alvo) 6 - Distúrbios humanos\r'),('Anodorhynchus','Anodorhynchus glaucus','6.2 - Exercícios militares distúrbio civil guerra 8 - Espécies invasoras problemáticas e doenças\r'),('Anodorhynchus','Anodorhynchus glaucus','8.8 - Doenças de causas desconhecidas\r'),('Anumara','Anumara forbesi','2 - Agropecuária e Aquacultura\r'),('Anumara','Anumara forbesi','2.1 - Culturas anuais e perenes não-madeireiras\r'),('Anumara','Anumara forbesi','2.1.4 - Agricultura de escala desconhecida 5 - Uso de recursos biológicos\r'),('Anumara','Anumara forbesi','5.1 - Caça e captura de animais terrestres ou marinhos\r'),('Anumara','Anumara forbesi','5.1.1 - Caça/captura intencional (a espécie é o alvo)\r'),('Anumara','Anumara forbesi','5.1.1.2 - Comercial - Nacional/Local 8 - Espécies invasoras problemáticas e doenças\r'),('Anumara','Anumara forbesi','8.3 - Espécies nativas problemáticas\r'),('Anumara','Anumara forbesi','8.3.1 - Espécie conhecida\r'),('Anumara','Anumara forbesi','8.3.1.4 - Patógenos/parasitas 9 - Poluição\r'),('Anumara','Anumara forbesi','9.3 - Agropecuária e florestal\r'),('Anumara','Anumara forbesi','9.3.3 - Herbicidas e pesticidas\r'),('Apostolepis','Apostolepis arenaria','2 - Agropecuária e Aquacultura\r'),('Apostolepis','Apostolepis arenaria','2.1 - Culturas anuais e perenes não-madeireiras\r'),('Apostolepis','Apostolepis arenaria','2.1.2 - Agricultura em pequenas propriedades 3 - Produção energética e mineração\r'),('Apostolepis','Apostolepis arenaria','3.2 - Mineração\r'),('Apostolepis','Apostolepis arenaria','3.2.1 - Extração de areia 3 - Produção energética e mineração\r'),('Apostolepis','Apostolepis arenaria','3.3 - Energia renovável\r'),('Apostolepis','Apostolepis arenaria','3.3.2 - Parques eólicos 5 - Uso de recursos biológicos\r'),('Apostolepis','Apostolepis arenaria','5.3 - Extração florestal\r'),('Apostolepis','Apostolepis arenaria','5.3.3 - Efeitos indiretos - subsistência/pequena escala\r'),('Apostolepis','Apostolepis gaboi','3 - Produção energética e mineração\r'),('Apostolepis','Apostolepis gaboi','3.3 - Energia renovável\r'),('Apostolepis','Apostolepis gaboi','3.3.1 - Hidrelétricas 3 - Produção energética e mineração\r'),('Apostolepis','Apostolepis gaboi','3.3 - Energia renovável\r'),('Apostolepis','Apostolepis gaboi','3.3.2 - Parques eólicos 7 - Modificações nos sistemas naturais\r'),('Apostolepis','Apostolepis gaboi','7.3 - Outras modificações nos ecossistemas\r'),('Apostolepis','Apostolepis quirogai','2 - Agropecuária e Aquacultura\r'),('Apostolepis','Apostolepis quirogai','2.1 - Culturas anuais e perenes não-madeireiras\r'),('Apostolepis','Apostolepis quirogai','2.1.3 - Agricultura agro-industrial\r'),('Apostolepis','Apostolepis striata','2 - Agropecuária e Aquacultura\r'),('Apostolepis','Apostolepis striata','2.1 - Culturas anuais e perenes não-madeireiras 2 - Agropecuária e Aquacultura\r'),('Apostolepis','Apostolepis striata','2.3 - Pecuária\r'),('Actinote','Actinote quadra','1 - Desenvolvimento residencial e comercial 2 - Agropecuária e Aquacultura\r'),('Actinote','Actinote zikani','1 - Desenvolvimento residencial e comercial\r'),('Actinote','Actinote zikani','1.1 - Expansão urbana 1 - Desenvolvimento residencial e comercial\r'),('Actinote','Actinote zikani','1.2 - Áreas comerciais e industriais 9 - Poluição\r'),('Actinote','Actinote zikani','9.5 - Poluição do ar\r'),('Actinote','Actinote zikani','9.5.1 - Chuva ácida 9 - Poluição\r'),('Actinote','Actinote zikani','9.5 - Poluição do ar\r'),('Actinote','Actinote zikani','9.5.2 - Fumaça (industrial veículos etc)\r'),('Aguarunichthys','Aguarunichthys tocantinsensis','3 - Produção energética e mineração\r'),('Aguarunichthys','Aguarunichthys tocantinsensis','3.3 - Energia renovável\r'),('Aguarunichthys','Aguarunichthys tocantinsensis','3.3.1 - Hidrelétricas 7 - Modificações nos sistemas naturais\r'),('Anthus','Anthus nattereri','2 - Agropecuária e Aquacultura\r'),('Anthus','Anthus nattereri','2.1 - Culturas anuais e perenes não-madeireiras\r'),('Anthus','Anthus nattereri','2.1.3 - Agricultura agro-industrial 2 - Agropecuária e Aquacultura\r'),('Anthus','Anthus nattereri','2.2 - Silvicultura\r'),('Anthus','Anthus nattereri','2.2.3 - Plantações em escala desconhecida 2 - Agropecuária e Aquacultura\r'),('Anthus','Anthus nattereri','2.3 - Pecuária\r'),('Anthus','Anthus nattereri','2.3.4 - Pecuária em escala desconhecida 6 - Distúrbios humanos\r'),('Anthus','Anthus nattereri','6.1 - Atividades recreacionais/turísticas 7 - Modificações nos sistemas naturais\r'),('Anthus','Anthus nattereri','7.1 - Incêndios e supressão de incêndios\r'),('Anthus','Anthus nattereri','7.1.1 - Aumento da frequência/intensidade de incêndios 8 - Espécies invasoras problemáticas e doenças\r'),('Anthus','Anthus nattereri','8.2 - Espécies domésticas\r'),('Anthus','Anthus nattereri','8.2.1 - Competidores 9 - Poluição\r'),('Anthus','Anthus nattereri','9.3 - Agropecuária e florestal\r'),('Anthus','Anthus nattereri','9.3.3 - Herbicidas e pesticidas\r'),('Alouatta','Alouatta belzebul','11 - Mudanças e extremos climáticos\r'),('Alouatta','Alouatta belzebul','11.1 - Mudança/alteração de habitat 1 - Desenvolvimento residencial e comercial\r'),('Alouatta','Alouatta belzebul','1.1 - Expansão urbana 1 - Desenvolvimento residencial e comercial\r'),('Alouatta','Alouatta belzebul','1.4 - Assentamentos e pequenas propriedades rurais 2 - Agropecuária e Aquacultura\r'),('Alouatta','Alouatta belzebul','2.1 - Culturas anuais e perenes não-madeireiras\r'),('Alouatta','Alouatta belzebul','2.1.3 - Agricultura agro-industrial 2 - Agropecuária e Aquacultura\r'),('Alouatta','Alouatta belzebul','2.2 - Silvicultura\r'),('Alouatta','Alouatta belzebul','2.2.2 - Plantações agro-industriais 2 - Agropecuária e Aquacultura\r'),('Alouatta','Alouatta belzebul','2.3 - Pecuária\r'),('Alouatta','Alouatta belzebul','2.3.3 - Pecuária agro-industrial 3 - Produção energética e mineração\r'),('Alouatta','Alouatta belzebul','3.3 - Energia renovável\r'),('Alouatta','Alouatta belzebul','3.3.1 - Hidrelétricas 4 - Transportes e serviços de transmissão\r'),('Alouatta','Alouatta belzebul','4.1 - Estradas e ferrovias 4 - Transportes e serviços de transmissão\r'),('Alouatta','Alouatta belzebul','4.2 - Atropelamentos 4 - Transportes e serviços de transmissão\r'),('Alouatta','Alouatta belzebul','4.7 - Linhas de força/transmissão 5 - Uso de recursos biológicos\r'),('Alouatta','Alouatta belzebul','5.1 - Caça e captura de animais terrestres ou marinhos\r'),('Alouatta','Alouatta belzebul','5.1.1 - Caça/captura intencional (a espécie é o alvo) 5 - Uso de recursos biológicos\r'),('Alouatta','Alouatta belzebul','5.3 - Extração florestal\r'),('Alouatta','Alouatta belzebul','5.3.1 - Uso intencional - subsistência/pequena escala 5 - Uso de recursos biológicos\r'),('Alouatta','Alouatta belzebul','5.3 - Extração florestal\r'),('Alouatta','Alouatta belzebul','5.3.2 - Uso intencional - larga escala 7 - Modificações nos sistemas naturais\r'),('Alouatta','Alouatta belzebul','7.1 - Incêndios e supressão de incêndios\r'),('Alouatta','Alouatta belzebul','7.1.1 - Aumento da frequência/intensidade de incêndios\r'),('Alouatta','Alouatta discolor','1 - Desenvolvimento residencial e comercial\r'),('Alouatta','Alouatta discolor','1.4 - Assentamentos e pequenas propriedades rurais 2 - Agropecuária e Aquacultura\r'),('Alouatta','Alouatta discolor','2.1 - Culturas anuais e perenes não-madeireiras\r'),('Alouatta','Alouatta discolor','2.1.3 - Agricultura agro-industrial 2 - Agropecuária e Aquacultura\r'),('Alouatta','Alouatta discolor','2.3 - Pecuária\r'),('Alouatta','Alouatta discolor','2.3.3 - Pecuária agro-industrial 3 - Produção energética e mineração\r'),('Alouatta','Alouatta discolor','3.2 - Mineração\r'),('Alouatta','Alouatta discolor','3.2.4 - Extração de minérios - garimpo 3 - Produção energética e mineração\r'),('Alouatta','Alouatta discolor','3.3 - Energia renovável\r'),('Alouatta','Alouatta discolor','3.3.1 - Hidrelétricas 4 - Transportes e serviços de transmissão\r'),('Alouatta','Alouatta discolor','4.1 - Estradas e ferrovias 5 - Uso de recursos biológicos\r'),('Alouatta','Alouatta discolor','5.1 - Caça e captura de animais terrestres ou marinhos\r'),('Alouatta','Alouatta discolor','5.1.1 - Caça/captura intencional (a espécie é o alvo)\r'),('Alouatta','Alouatta ululata','11 - Mudanças e extremos climáticos\r'),('Alouatta','Alouatta ululata','11.2 - Secas 1 - Desenvolvimento residencial e comercial\r'),('Alouatta','Alouatta ululata','1.1 - Expansão urbana 1 - Desenvolvimento residencial e comercial\r'),('Alouatta','Alouatta ululata','1.4 - Assentamentos e pequenas propriedades rurais 2 - Agropecuária e Aquacultura\r'),('Alouatta','Alouatta ululata','2.1 - Culturas anuais e perenes não-madeireiras\r'),('Alouatta','Alouatta ululata','2.1.3 - Agricultura agro-industrial 2 - Agropecuária e Aquacultura\r'),('Alouatta','Alouatta ululata','2.3 - Pecuária\r'),('Alouatta','Alouatta ululata','2.3.3 - Pecuária agro-industrial 3 - Produção energética e mineração\r'),('Alouatta','Alouatta ululata','3.2 - Mineração\r'),('Alouatta','Alouatta ululata','3.2.3 - Extração de minérios - subsolo 3 - Produção energética e mineração\r'),('Alouatta','Alouatta ululata','3.3 - Energia renovável\r'),('Alouatta','Alouatta ululata','3.3.1 - Hidrelétricas 5 - Uso de recursos biológicos\r'),('Alouatta','Alouatta ululata','5.1 - Caça e captura de animais terrestres ou marinhos\r'),('Alouatta','Alouatta ululata','5.1.1 - Caça/captura intencional (a espécie é o alvo) 8 - Espécies invasoras problemáticas e doenças\r'),('Alouatta','Alouatta ululata','8.4 - Espécies problemáticas de origem desconhecida\r'),('Alouatta','Alouatta ululata','8.4.2 - Espécie não conhecida\r'),('Alouatta','Alouatta ululata','8.4.2.1 - Competidores\r'),('Aceratobasis','Aceratobasis cornicauda','1 - Desenvolvimento residencial e comercial\r'),('Aceratobasis','Aceratobasis cornicauda','1.1 - Expansão urbana 2 - Agropecuária e Aquacultura 2 - Agropecuária e Aquacultura\r'),('Aceratobasis','Aceratobasis cornicauda','2.2 - Silvicultura\r'),('Aceratobasis','Aceratobasis mourei','1 - Desenvolvimento residencial e comercial\r'),('Aceratobasis','Aceratobasis mourei','1.1 - Expansão urbana 2 - Agropecuária e Aquacultura 2 - Agropecuária e Aquacultura\r'),('Aceratobasis','Aceratobasis mourei','2.2 - Silvicultura\r'),('Adebrotus','Adebrotus lugoi','2 - Agropecuária e Aquacultura\r'),('Adebrotus','Adebrotus lugoi','2.3 - Pecuária\r'),('Adebrotus','Adebrotus lugoi','2.3.4 - Pecuária em escala desconhecida 9 - Poluição\r'),('Adebrotus','Adebrotus lugoi','9.1 - Doméstica e urbana - escoamento de água\r'),('Adebrotus','Adebrotus lugoi','9.1.1 - Esgoto 9 - Poluição\r'),('Adebrotus','Adebrotus lugoi','9.3 - Agropecuária e florestal\r'),('Adebrotus','Adebrotus lugoi','9.3.3 - Herbicidas e pesticidas\r'),('Arawacus','Arawacus aethesa','1 - Desenvolvimento residencial e comercial\r'),('Arawacus','Arawacus aethesa','1.1 - Expansão urbana 2 - Agropecuária e Aquacultura\r'),('Arawacus','Arawacus aethesa','2.1 - Culturas anuais e perenes não-madeireiras\r'),('Arawacus','Arawacus aethesa','2.1.4 - Agricultura de escala desconhecida 2 - Agropecuária e Aquacultura\r'),('Arawacus','Arawacus aethesa','2.3 - Pecuária\r'),('Arawacus','Arawacus aethesa','2.3.4 - Pecuária em escala desconhecida 7 - Modificações nos sistemas naturais\r'),('Arawacus','Arawacus aethesa','7.1 - Incêndios e supressão de incêndios\r'),('Arawacus','Arawacus aethesa','7.1.1 - Aumento da frequência/intensidade de incêndios 9 - Poluição\r'),('Arawacus','Arawacus aethesa','9.3 - Agropecuária e florestal\r'),('Arawacus','Arawacus aethesa','9.3.3 - Herbicidas e pesticidas\r'),('Ameiva','Ameiva parecis','2 - Agropecuária e Aquacultura\r'),('Ameiva','Ameiva parecis','2.1 - Culturas anuais e perenes não-madeireiras\r'),('Ameiva','Ameiva parecis','2.1.3 - Agricultura agro-industrial 2 - Agropecuária e Aquacultura\r'),('Ameiva','Ameiva parecis','2.3 - Pecuária\r'),('Ameiva','Ameiva parecis','2.3.3 - Pecuária agro-industrial 3 - Produção energética e mineração\r'),('Ameiva','Ameiva parecis','3.3 - Energia renovável\r'),('Ameiva','Ameiva parecis','3.3.1 - Hidrelétricas 4 - Transportes e serviços de transmissão\r'),('Ameiva','Ameiva parecis','4.1 - Estradas e ferrovias 4 - Transportes e serviços de transmissão\r'),('Ameiva','Ameiva parecis','4.8 - Hidrovias 9 - Poluição\r'),('Ameiva','Ameiva parecis','9.3 - Agropecuária e florestal\r'),('Ameiva','Ameiva parecis','9.3.3 - Herbicidas e pesticidas\r'),('Ameivula','Ameivula nativo','1 - Desenvolvimento residencial e comercial\r'),('Ameivula','Ameivula nativo','1.1 - Expansão urbana\r'),('Amphisbaena','Amphisbaena arda','2 - Agropecuária e Aquacultura\r'),('Amphisbaena','Amphisbaena arda','2.1 - Culturas anuais e perenes não-madeireiras 3 - Produção energética e mineração\r'),('Amphisbaena','Amphisbaena arda','3.2 - Mineração\r'),('Amphisbaena','Amphisbaena arda','3.2.1 - Extração de areia 3 - Produção energética e mineração\r'),('Amphisbaena','Amphisbaena arda','3.3 - Energia renovável\r'),('Amphisbaena','Amphisbaena arda','3.3.3 - Parque de energia solar 5 - Uso de recursos biológicos\r'),('Amphisbaena','Amphisbaena arda','5.3 - Extração florestal\r'),('Amphisbaena','Amphisbaena arda','5.3.3 - Efeitos indiretos - subsistência/pequena escala\r'),('Amphisbaena','Amphisbaena frontalis','2 - Agropecuária e Aquacultura\r'),('Amphisbaena','Amphisbaena frontalis','2.1 - Culturas anuais e perenes não-madeireiras 3 - Produção energética e mineração\r'),('Amphisbaena','Amphisbaena frontalis','3.2 - Mineração\r'),('Amphisbaena','Amphisbaena frontalis','3.2.1 - Extração de areia 3 - Produção energética e mineração\r'),('Amphisbaena','Amphisbaena frontalis','3.3 - Energia renovável\r'),('Amphisbaena','Amphisbaena frontalis','3.3.3 - Parque de energia solar 5 - Uso de recursos biológicos\r'),('Amphisbaena','Amphisbaena frontalis','5.3 - Extração florestal\r'),('Amphisbaena','Amphisbaena frontalis','5.3.3 - Efeitos indiretos - subsistência/pequena escala\r'),('Amphisbaena','Amphisbaena nigricauda','1 - Desenvolvimento residencial e comercial\r'),('Amphisbaena','Amphisbaena nigricauda','1.1 - Expansão urbana 1 - Desenvolvimento residencial e comercial\r'),('Amphisbaena','Amphisbaena nigricauda','1.3 - Áreas de turismo e recreação 3 - Produção energética e mineração\r'),('Amphisbaena','Amphisbaena nigricauda','3.2 - Mineração\r'),('Amphisbaena','Amphisbaena nigricauda','3.2.1 - Extração de areia 4 - Transportes e serviços de transmissão\r'),('Amphisbaena','Amphisbaena nigricauda','4.3 - Portos\r'),('Amphisbaena','Amphisbaena supernumeraria','1 - Desenvolvimento residencial e comercial\r'),('Amphisbaena','Amphisbaena supernumeraria','1.1 - Expansão urbana 2 - Agropecuária e Aquacultura\r'),('Amphisbaena','Amphisbaena supernumeraria','2.1 - Culturas anuais e perenes não-madeireiras\r'),('Amphisbaena','Amphisbaena supernumeraria','2.1.3 - Agricultura agro-industrial 2 - Agropecuária e Aquacultura\r'),('Amphisbaena','Amphisbaena supernumeraria','2.3 - Pecuária\r'),('Amphisbaena','Amphisbaena supernumeraria','2.3.4 - Pecuária em escala desconhecida\r'),('Amphisbaena','Amphisbaena uroxena','2 - Agropecuária e Aquacultura\r'),('Amphisbaena','Amphisbaena uroxena','2.1 - Culturas anuais e perenes não-madeireiras\r'),('Amphisbaena','Amphisbaena uroxena','2.1.3 - Agricultura agro-industrial 7 - Modificações nos sistemas naturais\r'),('Amphisbaena','Amphisbaena uroxena','7.1 - Incêndios e supressão de incêndios\r'),('Amphisbaena','Amphisbaena uroxena','7.1.1 - Aumento da frequência/intensidade de incêndios 9 - Poluição\r'),('Amphisbaena','Amphisbaena uroxena','9.3 - Agropecuária e florestal\r'),('Amphisbaena','Amphisbaena uroxena','9.3.3 - Herbicidas e pesticidas\r'),('Ancistrus','Ancistrus cryptophthalmus','2 - Agropecuária e Aquacultura\r'),('Ancistrus','Ancistrus cryptophthalmus','2.1 - Culturas anuais e perenes não-madeireiras\r'),('Ancistrus','Ancistrus cryptophthalmus','2.1.4 - Agricultura de escala desconhecida 2 - Agropecuária e Aquacultura\r'),('Ancistrus','Ancistrus cryptophthalmus','2.3 - Pecuária\r'),('Ancistrus','Ancistrus cryptophthalmus','2.3.4 - Pecuária em escala desconhecida 6 - Distúrbios humanos\r'),('Ancistrus','Ancistrus cryptophthalmus','6.1 - Atividades recreacionais/turísticas 9 - Poluição\r'),('Ancistrus','Ancistrus cryptophthalmus','9.3 - Agropecuária e florestal\r'),('Ancistrus','Ancistrus cryptophthalmus','9.3.2 - Erosão do solo/sedimentação 9 - Poluição\r'),('Ancistrus','Ancistrus cryptophthalmus','9.3 - Agropecuária e florestal\r'),('Ancistrus','Ancistrus cryptophthalmus','9.3.3 - Herbicidas e pesticidas\r'),('Arhysosage','Arhysosage cactorum','2 - Agropecuária e Aquacultura\r'),('Arhysosage','Arhysosage cactorum','2.1 - Culturas anuais e perenes não-madeireiras\r'),('Arhysosage','Arhysosage cactorum','2.1.4 - Agricultura de escala desconhecida 2 - Agropecuária e Aquacultura\r'),('Arhysosage','Arhysosage cactorum','2.2 - Silvicultura\r'),('Arhysosage','Arhysosage cactorum','2.2.3 - Plantações em escala desconhecida 2 - Agropecuária e Aquacultura\r'),('Arhysosage','Arhysosage cactorum','2.3 - Pecuária\r'),('Arhysosage','Arhysosage cactorum','2.3.4 - Pecuária em escala desconhecida 7 - Modificações nos sistemas naturais\r'),('Arhysosage','Arhysosage cactorum','7.1 - Incêndios e supressão de incêndios\r'),('Arhysosage','Arhysosage cactorum','7.1.1 - Aumento da frequência/intensidade de incêndios 9 - Poluição\r'),('Arhysosage','Arhysosage cactorum','9.3 - Agropecuária e florestal\r'),('Arhysosage','Arhysosage cactorum','9.3.3 - Herbicidas e pesticidas\r'),('Altitatiayus','Altitatiayus campoi','6 - Distúrbios humanos\r'),('Altitatiayus','Altitatiayus campoi','6.1 - Atividades recreacionais/turísticas 7 - Modificações nos sistemas naturais\r'),('Altitatiayus','Altitatiayus campoi','7.1 - Incêndios e supressão de incêndios\r'),('Altitatiayus','Altitatiayus campoi','7.1.1 - Aumento da frequência/intensidade de incêndios\r'),('Altitatiayus','Altitatiayus dulceae','11 - Mudanças e extremos climáticos 6 - Distúrbios humanos\r'),('Altitatiayus','Altitatiayus dulceae','6.1 - Atividades recreacionais/turísticas 7 - Modificações nos sistemas naturais\r'),('Altitatiayus','Altitatiayus dulceae','7.1 - Incêndios e supressão de incêndios\r'),('Altitatiayus','Altitatiayus dulceae','7.1.1 - Aumento da frequência/intensidade de incêndios\r'),('Altitatiayus','Altitatiayus godinhorum','11 - Mudanças e extremos climáticos 6 - Distúrbios humanos\r'),('Altitatiayus','Altitatiayus godinhorum','6.1 - Atividades recreacionais/turísticas 7 - Modificações nos sistemas naturais\r'),('Altitatiayus','Altitatiayus godinhorum','7.1 - Incêndios e supressão de incêndios\r'),('Altitatiayus','Altitatiayus godinhorum','7.1.1 - Aumento da frequência/intensidade de incêndios\r'),('Altitatiayus','Altitatiayus koikei','11 - Mudanças e extremos climáticos 6 - Distúrbios humanos\r'),('Altitatiayus','Altitatiayus koikei','6.1 - Atividades recreacionais/turísticas 7 - Modificações nos sistemas naturais\r'),('Altitatiayus','Altitatiayus koikei','7.1 - Incêndios e supressão de incêndios\r'),('Altitatiayus','Altitatiayus koikei','7.1.1 - Aumento da frequência/intensidade de incêndios\r'),('Altitatiayus','Altitatiayus rotundatus','11 - Mudanças e extremos climáticos 6 - Distúrbios humanos\r'),('Altitatiayus','Altitatiayus rotundatus','6.1 - Atividades recreacionais/turísticas 7 - Modificações nos sistemas naturais\r'),('Altitatiayus','Altitatiayus rotundatus','7.1 - Incêndios e supressão de incêndios\r'),('Altitatiayus','Altitatiayus rotundatus','7.1.1 - Aumento da frequência/intensidade de incêndios\r'),('Altitatiayus','Altitatiayus ruficollis','11 - Mudanças e extremos climáticos 6 - Distúrbios humanos\r'),('Altitatiayus','Altitatiayus ruficollis','6.1 - Atividades recreacionais/turísticas 7 - Modificações nos sistemas naturais\r'),('Altitatiayus','Altitatiayus ruficollis','7.1 - Incêndios e supressão de incêndios\r'),('Altitatiayus','Altitatiayus ruficollis','7.1.1 - Aumento da frequência/intensidade de incêndios\r'),('Altitatiayus','Altitatiayus trifurcatus','11 - Mudanças e extremos climáticos 6 - Distúrbios humanos\r'),('Altitatiayus','Altitatiayus trifurcatus','6.1 - Atividades recreacionais/turísticas 7 - Modificações nos sistemas naturais\r'),('Altitatiayus','Altitatiayus trifurcatus','7.1 - Incêndios e supressão de incêndios\r'),('Altitatiayus','Altitatiayus trifurcatus','7.1.1 - Aumento da frequência/intensidade de incêndios\r'),('Amydetes','Amydetes bellorum','1 - Desenvolvimento residencial e comercial\r'),('Amydetes','Amydetes bellorum','1.1 - Expansão urbana 9 - Poluição\r'),('Amydetes','Amydetes bellorum','9.6 - Excesso de energia\r'),('Amydetes','Amydetes bellorum','9.6.1 - Poluição luminosa\r'),('Achirus','Achirus mucuri','10 - Eventos geológicos 1 - Desenvolvimento residencial e comercial 5 - Uso de recursos biológicos 5 - Uso de recursos biológicos\r'),('Achirus','Achirus mucuri','5.4 - Pesca e uso de recursos aquáticos 5 - Uso de recursos biológicos\r'),('Achirus','Achirus mucuri','5.4 - Pesca e uso de recursos aquáticos\r'),('Achirus','Achirus mucuri','5.4.5 - Captura indireta - subsistência/pequena escala\r'),('Achirus','Achirus mucuri','5.4.5.6 - Arrasto 7 - Modificações nos sistemas naturais 7 - Modificações nos sistemas naturais\r'),('Achirus','Achirus mucuri','7.3 - Outras modificações nos ecossistemas');
/*!40000 ALTER TABLE `tb_ameaca` ENABLE KEYS */;
UNLOCK TABLES;

--
-- Table structure for table `tb_autor`
--

DROP TABLE IF EXISTS `tb_autor`;
/*!40101 SET @saved_cs_client     = @@character_set_client */;
/*!50503 SET character_set_client = utf8mb4 */;
CREATE TABLE `tb_autor` (
  `nome_especie` varchar(50) NOT NULL,
  `autor` varchar(100) NOT NULL
) ENGINE=InnoDB DEFAULT CHARSET=utf8mb4 COLLATE=utf8mb4_0900_ai_ci;
/*!40101 SET character_set_client = @saved_cs_client */;

--
-- Dumping data for table `tb_autor`
--

LOCK TABLES `tb_autor` WRITE;
/*!40000 ALTER TABLE `tb_autor` DISABLE KEYS */;
INSERT INTO `tb_autor` VALUES ('Adelpha atlantica','Willmott\' 2003\r'),('Alopias superciliosus','Lowe\' 1841\r'),('Alopias vulpinus','(Bonnaterre\' 1788)\r'),('Aburria cujubi','(Pelzeln\' 1858)\r'),('Aratinga solstitialis','(Linnaeus\' 1766)\r'),('Alectrurus tricolor','(Vieillot\' 1816)\r'),('Antilophia bokermanni','Coelho & Silva 1998\r'),('Anodorhynchus leari','Bonaparte\' 1856\r'),('Acherontides eleonorae','Palacios-Vargas & Gnaspini-Netto\' 1992\r'),('Aegla cavernicola','Türkay\' 1972\r'),('Aegla leptochela','Bond-Buckup & Buckup\' 1994\r'),('Aegla microphthalma','Bond-Buckup & Buckup\' 1994\r'),('Amazoniscus leistikowi','Campos-Filho\' Araujo & Taiti\' 2014\r'),('Archolaemus ferreirai','Vari\' de Santana & Wosiacki\' 2012\r'),('Archolaemus santosi','Vari\' de Santana & Wosiacki\' 2012\r'),('Arrhopalites alambariensis','Zeppelini\' 2006\r'),('Arrhopalites amorimi','Palacios-Vargas & Zeppelini\' 1995\r'),('Arrhopalites botuveraensis','Zeppelini\' 2006\r'),('Arrhopalites gnaspinii','(Palacios-Vargas & Zeppelini\' 1995)\r'),('Arrhopalites heteroculatus','Zeppelini\' 2006\r'),('Arrhopalites lawrencei','Palacios-Vargas & Zeppelini\' 1995\r'),('Arrhopalites paranaensis','Zeppelini\' 2006\r'),('Anabazenops dorsalis','(Sclater & Salvin\' 1880)\r'),('Arremonops conirostris','(Bonaparte\' 1850)\r'),('Aegla charon','Bueno & Moraes\' 2017\r'),('Adelophryne maranguapensis','Hoogmoed\' Borges & Cascon\' 1994\r'),('Archisotoma arariboia','Neves & Mendonça\' 2014\r'),('Arrhopalites glabrofasciatus','Zeppelini\' Brito & Lima\' 2018\r'),('Archisotoma catiae','Abrantes & Mendonça\' 2007\r'),('Aethiopella littoralis','Fernandes & Mendonça\' 2002\r'),('Agraphorura mariapetrae','(Thibaud\' 1993)\r'),('Arlea arenicola','Abrantes & Mendonça\' 2005\r'),('Arlesia intermedia','Fernandes & Mendonça\' 2004\r'),('Arlea psammophila','Mendonça\' Abrantes & Fernandes\' 2006\r'),('Ariadna aurea','Giroti & Brescovit\' 2018\r'),('Anomaloglossus apiau','Fouquet\' Souza\' Nunes\' Kok\' Curcio\' Carvalho\' Grant & Rodrigues\' 2015\r'),('Anomaloglossus tepequem','Fouquet\' Souza\' Nunes\' Kok\' Curcio\' Carvalho\' Grant & Rodrigues\' 2015\r'),('Ancistrus minutus','Fisch-Muller\' Mazzoni & Weber\' 2001\r'),('Akodon mystax','Hershkovitz\' 1998\r'),('Aegla renana','Bond-Buckup & Santos\' 2010\r'),('Aegla brevipalma','Bond-Buckup & Santos\' 2012\r'),('Aegla camargoi','Buckup & Rossi\' 1977\r'),('Aegla franca','Schmitt\' 1942\r'),('Aegla inconspicua','Bond-Buckup & Buckup\' 1994\r'),('Aegla inermis','Bond-Buckup & Buckup\' 1994\r'),('Aegla itacolomiensis','Bond-Buckup & Buckup\' 1994\r'),('Aegla leachi','Bond-Buckup & Santos\' 2012\r'),('Aegla leptodactyla','Buckup & Rossi\' 1977\r'),('Aegla manuinflata','Bond-Buckup & Santos\' 2009\r'),('Aegla oblata','Bond-Buckup & Santos\' 2012\r'),('Aegla obstipa','Bond-Buckup & Buckup\' 1994\r'),('Aegla perobae','Hebling & Rodrigues\' 1977\r'),('Aegla violacea','Bond-Buckup & Buckup\' 1994\r'),('Aburria jacutinga','(Spix\' 1825)\r'),('Acrobatornis fonsecai','Pacheco\' Whitney & Gonzaga\' 1996\r'),('Amadonastur lacernulatus','(Temminck\' 1827)\r'),('Amazona pretrei','(Temminck\' 1830)\r'),('Amazona rhodocorytha','(Salvadori\' 1890)\r'),('Amazona vinacea','(Kuhl\' 1820)\r'),('Anodorhynchus glaucus','(Vieillot\' 1816)\r'),('Anumara forbesi','(Sclater\' 1886)\r'),('Anablepsoides cearensis','(Costa & Vono\' 2009)\r'),('Apostolepis arenaria','Rodrigues\' 1992\r'),('Apostolepis gaboi','Rodrigues\' 1992\r'),('Apostolepis quirogai','Giraudo & Scrocchi\' 1998\r'),('Apostolepis striata','Lema\' 2004\r'),('Actinote quadra','(Schaus\' 1902)\r'),('Actinote zikani','D´Almeida\' 1951\r'),('Aguarunichthys tocantinsensis','Zuanon\' Rapp Py-Daniel & Jégu\' 1993\r'),('Anthus nattereri','Sclater\' 1878\r'),('Alouatta belzebul','(Linnaeus\' 1766)\r'),('Alouatta discolor','(Spix\' 1823)\r'),('Alouatta ululata','Elliot\' 1912\r'),('Aceratobasis cornicauda','(Calvert\' 1909)\r'),('Aceratobasis mourei','(Santos\' 1970)\r'),('Adebrotus lugoi','Salles\' 2010\r'),('Arawacus aethesa','(Hewitson\' 1867)\r'),('Ananteris infuscata','Lourenço\' Giupponi & Leguin\' 2013\r'),('Ameiva parecis','(Colli\' Costa\' Garda\' Kopp\' Mesquita\' Péres\' Valdujo\' Vieira & Wiederhecker\' 2003)\r'),('Ameivula nativo','(Rocha\' Bergallo & Peccinini-Seale\' 1997)\r'),('Amphisbaena arda','Rodrigues\' 2003\r'),('Amphisbaena frontalis','Vanzolini\' 1991\r'),('Amphisbaena nigricauda','Gans\' 1966\r'),('Amphisbaena supernumeraria','Mott\' Rodrigues & Santos\' 2009\r'),('Amphisbaena uroxena','Mott\' Rodrigues\' Freitas & Silva\' 2008\r'),('Ancistrus cryptophthalmus','Reis\' 1987\r'),('Ancistrus formoso','Sabino & Trajano\' 1997\r'),('Apareiodon davisi','Fowler\' 1941\r'),('Arhysosage cactorum','Moure\' 1999\r'),('Altitatiayus campoi','Grossi & Koike\' 2011\r'),('Altitatiayus dulceae','(Bomans & Arnaud\' 2002)\r'),('Altitatiayus godinhorum','(Bomans & Arnaud\' 1996)\r'),('Altitatiayus koikei','Grossi\' 2010\r'),('Altitatiayus rotundatus','(Boileau\' 1902)\r'),('Altitatiayus ruficollis','(Luederwaldt\' 1931)\r'),('Altitatiayus trifurcatus','(Grossi & Racca-Filho\' 2004)\r'),('Amydetes bellorum','Silveira e Mermudes\' 2014\r'),('Achirus mucuri','Ramos\' Ramos & Lopes\' 2009');
/*!40000 ALTER TABLE `tb_autor` ENABLE KEYS */;
UNLOCK TABLES;

--
-- Table structure for table `tb_categoria`
--

DROP TABLE IF EXISTS `tb_categoria`;
/*!40101 SET @saved_cs_client     = @@character_set_client */;
/*!50503 SET character_set_client = utf8mb4 */;
CREATE TABLE `tb_categoria` (
  `categoria` enum('Em Perigo','Criticamente em Perigo','Vulnerável','Regionalmente Extinta') NOT NULL,
  `nome_especie` varchar(50) NOT NULL
) ENGINE=InnoDB DEFAULT CHARSET=utf8mb4 COLLATE=utf8mb4_0900_ai_ci;
/*!40101 SET character_set_client = @saved_cs_client */;

--
-- Dumping data for table `tb_categoria`
--

LOCK TABLES `tb_categoria` WRITE;
/*!40000 ALTER TABLE `tb_categoria` DISABLE KEYS */;
INSERT INTO `tb_categoria` VALUES ('Em Perigo','Adelpha atlantica\r'),('Em Perigo','Alopias superciliosus\r'),('Em Perigo','Aratinga solstitialis\r'),('Em Perigo','Anodorhynchus leari\r'),('Em Perigo','Arremonops conirostris\r'),('Em Perigo','Arrhopalites glabrofasciatus\r'),('Em Perigo','Anomaloglossus apiau\r'),('Em Perigo','Ancistrus minutus\r'),('Em Perigo','Aegla camargoi\r'),('Em Perigo','Aegla inermis\r'),('Em Perigo','Aegla itacolomiensis\r'),('Em Perigo','Aegla leachi\r'),('Em Perigo','Aegla manuinflata\r'),('Em Perigo','Aegla oblata\r'),('Em Perigo','Aegla obstipa\r'),('Em Perigo','Aegla violacea\r'),('Em Perigo','Aburria jacutinga\r'),('Em Perigo','Apostolepis arenaria\r'),('Em Perigo','Apostolepis gaboi\r'),('Em Perigo','Apostolepis quirogai\r'),('Em Perigo','Apostolepis striata\r'),('Em Perigo','Aguarunichthys tocantinsensis\r'),('Em Perigo','Alouatta ululata\r'),('Em Perigo','Aceratobasis mourei\r'),('Em Perigo','Ananteris infuscata\r'),('Em Perigo','Ameiva parecis\r'),('Em Perigo','Ameivula nativo\r'),('Em Perigo','Amphisbaena arda\r'),('Em Perigo','Amphisbaena frontalis\r'),('Em Perigo','Amphisbaena nigricauda\r'),('Em Perigo','Amphisbaena supernumeraria\r'),('Em Perigo','Amphisbaena uroxena\r'),('Em Perigo','Ancistrus cryptophthalmus\r'),('Em Perigo','Apareiodon davisi\r'),('Em Perigo','Amydetes bellorum\r'),('Criticamente em Perigo','Alopias vulpinus\r'),('Criticamente em Perigo','Antilophia bokermanni\r'),('Criticamente em Perigo','Aegla cavernicola\r'),('Criticamente em Perigo','Aegla leptochela\r'),('Criticamente em Perigo','Aegla microphthalma\r'),('Criticamente em Perigo','Amazoniscus leistikowi\r'),('Criticamente em Perigo','Arrhopalites gnaspinii\r'),('Criticamente em Perigo','Arrhopalites paranaensis\r'),('Criticamente em Perigo','Aegla charon\r'),('Criticamente em Perigo','Adelophryne maranguapensis\r'),('Criticamente em Perigo','Archisotoma arariboia\r'),('Criticamente em Perigo','Archisotoma catiae\r'),('Criticamente em Perigo','Aethiopella littoralis\r'),('Criticamente em Perigo','Agraphorura mariapetrae\r'),('Criticamente em Perigo','Arlea arenicola\r'),('Criticamente em Perigo','Arlesia intermedia\r'),('Criticamente em Perigo','Arlea psammophila\r'),('Criticamente em Perigo','Anomaloglossus tepequem\r'),('Criticamente em Perigo','Aegla renana\r'),('Criticamente em Perigo','Aegla brevipalma\r'),('Criticamente em Perigo','Aegla franca\r'),('Criticamente em Perigo','Aegla perobae\r'),('Criticamente em Perigo','Actinote zikani\r'),('Criticamente em Perigo','Anablepsoides cearensis\r'),('Vulnerável','Aburria cujubi\r'),('Vulnerável','Alectrurus tricolor\r'),('Vulnerável','Acherontides eleonorae\r'),('Vulnerável','Akodon mystax\r'),('Vulnerável','Archolaemus ferreirai\r'),('Vulnerável','Archolaemus santosi\r'),('Vulnerável','Arrhopalites alambariensis\r'),('Vulnerável','Arrhopalites amorimi\r'),('Vulnerável','Arrhopalites botuveraensis\r'),('Vulnerável','Arrhopalites heteroculatus\r'),('Vulnerável','Arrhopalites lawrencei\r'),('Vulnerável','Anabazenops dorsalis\r'),('Vulnerável','Ariadna aurea\r'),('Vulnerável','Arhysosage cactorum\r'),('Vulnerável','Altitatiayus campoi\r'),('Vulnerável','Altitatiayus dulceae\r'),('Vulnerável','Altitatiayus godinhorum\r'),('Vulnerável','Altitatiayus koikei\r'),('Vulnerável','Altitatiayus rotundatus\r'),('Vulnerável','Altitatiayus ruficollis\r'),('Vulnerável','Altitatiayus trifurcatus\r'),('Vulnerável','Achirus mucuri\r'),('Vulnerável','Ancistrus formoso\r'),('Vulnerável','Actinote quadra\r'),('Vulnerável','Anthus nattereri\r'),('Vulnerável','Alouatta belzebul\r'),('Vulnerável','Alouatta discolor\r'),('Vulnerável','Aceratobasis cornicauda\r'),('Vulnerável','Adebrotus lugoi\r'),('Vulnerável','Anumara forbesi\r'),('Vulnerável','Amazona rhodocorytha\r'),('Vulnerável','Amazona vinacea\r'),('Vulnerável','Acrobatornis fonsecai\r'),('Vulnerável','Amadonastur lacernulatus\r'),('Vulnerável','Amazona pretrei\r'),('Vulnerável','Aegla leptodactyla\r'),('Vulnerável','Aegla inconspicua\r'),('Vulnerável','Akodon mystax\r'),('Regionalmente Extinta','Anodorhynchus glaucus');
/*!40000 ALTER TABLE `tb_categoria` ENABLE KEYS */;
UNLOCK TABLES;

--
-- Table structure for table `tb_classe`
--

DROP TABLE IF EXISTS `tb_classe`;
/*!40101 SET @saved_cs_client     = @@character_set_client */;
/*!50503 SET character_set_client = utf8mb4 */;
CREATE TABLE `tb_classe` (
  `classe` varchar(50) NOT NULL,
  `ordem` varchar(50) NOT NULL
) ENGINE=InnoDB DEFAULT CHARSET=utf8mb4 COLLATE=utf8mb4_0900_ai_ci;
/*!40101 SET character_set_client = @saved_cs_client */;

--
-- Dumping data for table `tb_classe`
--

LOCK TABLES `tb_classe` WRITE;
/*!40000 ALTER TABLE `tb_classe` DISABLE KEYS */;
INSERT INTO `tb_classe` VALUES ('Insecta','Coleoptera\r'),('Insecta','Lepidoptera\r'),('Insecta','Ephemeroptera\r'),('Insecta','Zygoptera\r'),('Elasmobranchii','Lamniformes\r'),('Aves','Galliformes\r'),('Aves','Psittaciformes\r'),('Aves','Passeriformes\r'),('Aves','Accipitriformes\r'),('Entognatha','Symphypleona\r'),('Entognatha','Collembola\r'),('Entognatha','Entomobryomorpha\r'),('Malacostraca','Decapoda\r'),('Malacostraca','Isopoda\r'),('Actinopterygii','Gymnotiformes\r'),('Actinopterygii','Cyprinodontiformes\r'),('Actinopterygii','Siluriformes\r'),('Actinopterygii','Characiformes\r'),('Actinopterygii','Pleuronectiformes\r'),('Amphibia','Anura\r'),('Arachnida','Scorpiones\r'),('Arachnida','Araneae\r'),('Mammalia','Rodentia\r'),('Mammalia','Primates\r'),('Reptilia','Squamata\r'),('Reptilia','Squamata');
/*!40000 ALTER TABLE `tb_classe` ENABLE KEYS */;
UNLOCK TABLES;

--
-- Table structure for table `tb_especies`
--

DROP TABLE IF EXISTS `tb_especies`;
/*!40101 SET @saved_cs_client     = @@character_set_client */;
/*!50503 SET character_set_client = utf8mb4 */;
CREATE TABLE `tb_especies` (
  `id` int NOT NULL AUTO_INCREMENT,
  `reino` enum('Animalia','Vegetal','Fungi','Protista','Monera') NOT NULL,
  `especie` varchar(50) NOT NULL,
  `nome_comum` varchar(100) DEFAULT 'Não Consta',
  `grupo` varchar(50) NOT NULL,
  `mes_ano_avaliacao` varchar(7) NOT NULL,
  `endemica_brasil` enum('Sim','Não','Não Consta') NOT NULL,
  `consta_em_lista_nacional_oficial` enum('Sim','Não','Não Consta') NOT NULL,
  `bioma` varchar(50) NOT NULL,
  `bacia_hidrografica` varchar(500) DEFAULT 'Não Consta',
  PRIMARY KEY (`id`)
) ENGINE=InnoDB AUTO_INCREMENT=128 DEFAULT CHARSET=utf8mb4 COLLATE=utf8mb4_0900_ai_ci;
/*!40101 SET character_set_client = @saved_cs_client */;

--
-- Dumping data for table `tb_especies`
--

LOCK TABLES `tb_especies` WRITE;
/*!40000 ALTER TABLE `tb_especies` DISABLE KEYS */;
INSERT INTO `tb_especies` VALUES (1,'Animalia','Adelpha atlantica','Borboleta','Invertebrados Terrestres','04/2018','Sim','Sim','Mata Atlântica','Sub-bacia Litoral RJ Sub-bacia Paraíba do Sul\r'),(2,'Animalia','Alopias superciliosus','tubarão-rabudo\' tubarão-raposa\' tubarão-raposa-olhudo','Tubarões e Raias','11/2017','Não','Sim','Sistema Costeiro-Marinho','Não Consta\r'),(3,'Animalia','Alopias vulpinus','tubarão-rabudo\' tubarão-raposa\' tubarão-saltador','Tubarões e Raias','11/2017','Não','Sim','Sistema Costeiro-Marinho','Não Consta\r'),(4,'Animalia','Aburria cujubi','cujubi','Aves','09/2017','Não','Sim','Amazônia\' Cerrado\' Pantanal','Sub-bacia Araguaia Sub-bacia Foz Amazonas Sub-bacia Gurupi Sub-bacia Madeira Sub-bacia Mearim Sub-bacia Paraguai 02 Sub-bacia Paraguai 03 Sub-bacia Paraná RH1 Sub-bacia Paru Sub-bacia Tapajós Sub-bacia Tocantins Alto Sub-bacia Tocantins Baixo Sub-bacia Trombetas Sub-bacia Xingu\r'),(5,'Animalia','Aratinga solstitialis','jandaia-amarela','Aves','08/2018','Não','Sim','Amazônia','Sub-bacia Negro\r'),(6,'Animalia','Alectrurus tricolor','galito','Aves','10/2018','Não','Sim','Cerrado\' Mata Atlântica\' Pantanal','Sub-bacia Grande Sub-bacia Paraguai 01 Sub-bacia Paraguai 02 Sub-bacia Paraíba do Sul Sub-bacia Paranaíba Sub-bacia Paranapanema Sub-bacia Paraná RH1 Sub-bacia São Francisco Alto Sub-bacia São Francisco Médio Sub-bacia Tietê Sub-bacia Tocantins Alto\r'),(7,'Animalia','Antilophia bokermanni','soldadinho-do-araripe','Aves','11/2016','Sim','Sim','Caatinga','Sub-bacia Jaguaribe\r'),(8,'Animalia','Anodorhynchus leari','arara-azul-de-lear','Aves','11/2016','Sim','Sim','Caatinga','Sub-bacia Itapecuru-Paraguaçu Sub-bacia Litoral SE Sub-bacia São Francisco Médio Sub-bacia São Francisco Submédio\r'),(9,'Animalia','Acherontides eleonorae','Não Consta','Invertebrados Terrestres','05/2018','Sim','Sim','Mata Atlântica','Sub-bacia Litoral RJ SP\r'),(10,'Animalia','Aegla cavernicola','Não Consta','Invertebrados de Água Doce','05/2018','Sim','Sim','Mata Atlântica','Sub-bacia Litoral RJ SP\r'),(11,'Animalia','Aegla leptochela','Não Consta','Invertebrados de Água Doce','05/2018','Sim','Sim','Mata Atlântica','Sub-bacia Litoral RJ SP\r'),(12,'Animalia','Aegla microphthalma','Não Consta','Invertebrados de Água Doce','05/2018','Sim','Sim','Mata Atlântica','Sub-bacia Litoral RJ SP\r'),(13,'Animalia','Amazoniscus leistikowi','Não Consta','Invertebrados Terrestres','05/2018','Sim','Sim','Amazônia','Sub-bacia Xingu\r'),(14,'Animalia','Archolaemus ferreirai','Não Consta','Peixes Continentais','05/2018','Sim','Sim','Amazônia','Sub-bacia Negro\r'),(15,'Animalia','Archolaemus santosi','Não Consta','Peixes Continentais','05/2018','Sim','Sim','Amazônia','Sub-bacia Madeira\r'),(16,'Animalia','Arrhopalites alambariensis','Não Consta','Invertebrados Terrestres','05/2018','Sim','Sim','Mata Atlântica','Sub-bacia Litoral RJ SP Sub-bacia Litoral SP\r'),(17,'Animalia','Arrhopalites amorimi','Não Consta','Invertebrados Terrestres','05/2018','Sim','Sim','Mata Atlântica','Sub-bacia Litoral RJ SP Sub-bacia Litoral SP\r'),(18,'Animalia','Arrhopalites botuveraensis','Não Consta','Invertebrados Terrestres','05/2018','Sim','Sim','Mata Atlântica','Sub-bacia Litoral SP PR SC\r'),(19,'Animalia','Arrhopalites gnaspinii','Não Consta','Invertebrados Terrestres','05/2018','Sim','Sim','Mata Atlântica','Sub-bacia Litoral RJ SP Sub-bacia Litoral SP\r'),(20,'Animalia','Arrhopalites heteroculatus','Não Consta','Invertebrados Terrestres','05/2018','Sim','Sim','Mata Atlântica','Sub-bacia Litoral RJ SP Sub-bacia Litoral SP\r'),(21,'Animalia','Arrhopalites lawrencei','Não Consta','Invertebrados Terrestres','05/2018','Sim','Sim','Mata Atlântica','Sub-bacia Litoral RJ SP Sub-bacia Litoral SP\r'),(22,'Animalia','Arrhopalites paranaensis','Não Consta','Invertebrados Terrestres','05/2018','Sim','Sim','Mata Atlântica','Sub-bacia Litoral RJ Sub-bacia Litoral RJ SP Sub-bacia Litoral SP\r'),(23,'Animalia','Anabazenops dorsalis','barranqueiro-de-topete','Aves','08/2018','Não','Sim','Amazônia','Sub-bacia Madeira Sub-bacia Purus Sub-bacia Tapajós\r'),(24,'Animalia','Arremonops conirostris','tico-tico-cantor','Aves','08/2018','Não','Sim','Amazônia','Sub-bacia Negro\r'),(25,'Animalia','Aegla charon','Não Consta','Invertebrados de Água Doce','05/2018','Sim','Sim','Mata Atlântica','Sub-bacia Paranapanema\r'),(26,'Animalia','Adelophryne maranguapensis','Rãnzinha-pulga','Anfíbios','09/2018','Sim','Sim','Caatinga','Sub-bacia Litoral CE PI\r'),(27,'Animalia','Archisotoma arariboia','Colêmbolo\' Pulga-de-jardim','Invertebrados Terrestres','05/2018','Sim','Sim','Não Consta','Sub-bacia Litoral RJ\r'),(28,'Animalia','Arrhopalites glabrofasciatus','Não Consta','Invertebrados Terrestres','05/2018','Sim','Sim','Cerrado\' Mata Atlântica','Sub-bacia Doce Sub-bacia São Francisco Alto\r'),(29,'Animalia','Archisotoma catiae','Colêmbolo\' Pulga-de-jardim','Invertebrados Terrestres','05/2018','Sim','Sim','Não Consta','Não Consta\r'),(30,'Animalia','Aethiopella littoralis','Colêmbolo\' Pulga-de-jardim','Invertebrados Terrestres','05/2018','Sim','Sim','Mata Atlântica','Sub-bacia Litoral RJ\r'),(31,'Animalia','Agraphorura mariapetrae','Colêmbolo\' Pulga-de-jardim','Invertebrados Terrestres','05/2018','Não','Sim','Não Consta','Sub-bacia Litoral RJ\r'),(32,'Animalia','Arlea arenicola','Colêmbolo\' Pulga-de-jardim','Invertebrados Terrestres','05/2018','Sim','Sim','Não Consta','Não Consta\r'),(33,'Animalia','Arlesia intermedia','Colêmbolo\' Pulga-de-jardim','Invertebrados Terrestres','05/2018','Sim','Sim','Não Consta','Sub-bacia Litoral RJ\r'),(34,'Animalia','Arlea psammophila','Colêmbolo\' Pulga-de-jardim','Invertebrados Terrestres','05/2018','Sim','Sim','Não Consta','Não Consta\r'),(35,'Animalia','Ariadna aurea','Não Consta','Invertebrados Terrestres','05/2018','Sim','Sim','Caatinga','Sub-bacia São Francisco Médio\r'),(36,'Animalia','Anomaloglossus apiau','Não Consta','Anfíbios','06/2017','Sim','Sim','Amazônia','Sub-bacia Negro\r'),(37,'Animalia','Anomaloglossus tepequem','Não Consta','Anfíbios','06/2017','Sim','Sim','Amazônia','Sub-bacia Negro\r'),(38,'Animalia','Ancistrus minutus','Não Consta','Peixes Continentais','11/2018','Sim','Sim','Cerrado','Sub-bacia Tocantins Alto\r'),(39,'Animalia','Akodon mystax','Caparaó Grass Mouse\' Rato-do-chão do Caparaó','Mamíferos','06/2013','Sim','Não','Não Consta','Não Consta\r'),(40,'Animalia','Aegla renana','Egla','Invertebrados Marinhos','09/2010','Sim','Não','Mata Atlântica','Não Consta\r'),(41,'Animalia','Aegla brevipalma','Egla','Invertebrados de Água Doce','10/2019','Sim','Sim','Mata Atlântica','Sub-bacia Uruguai Alto\r'),(42,'Animalia','Aegla camargoi','Egla','Invertebrados de Água Doce','10/2019','Sim','Sim','Mata Atlântica','Sub-bacia Guaíba Sub-bacia Litoral SP PR SC Sub-bacia Uruguai Alto\r'),(43,'Animalia','Aegla franca','Egla','Invertebrados Marinhos','09/2013','Sim','Não','Não Consta','Não Consta\r'),(44,'Animalia','Aegla inconspicua','Egla','Invertebrados de Água Doce','10/2019','Sim','Sim','Mata Atlântica\' Pampa','Sub-bacia Guaíba\r'),(45,'Animalia','Aegla inermis','Egla','Invertebrados de Água Doce','10/2019','Sim','Sim','Mata Atlântica','Sub-bacia Guaíba Sub-bacia Litoral RS\r'),(46,'Animalia','Aegla itacolomiensis','Egla','Invertebrados de Água Doce','10/2019','Sim','Sim','Mata Atlântica\' Pampa','Sub-bacia Guaíba\r'),(47,'Animalia','Aegla leachi','Egla','Invertebrados de Água Doce','10/2019','Sim','Sim','Mata Atlântica','Sub-bacia Uruguai Alto\r'),(48,'Animalia','Aegla leptodactyla','Egla','Invertebrados Marinhos','09/2013','Sim','Não','Mata Atlântica','Não Consta\r'),(49,'Animalia','Aegla manuinflata','Egla','Invertebrados de Água Doce','10/2019','Sim','Sim','Mata Atlântica\' Pampa','Sub-bacia Ibicuí\r'),(50,'Animalia','Aegla oblata','Egla','Invertebrados de Água Doce','10/2019','Sim','Sim','Mata Atlântica','Sub-bacia Uruguai Alto\r'),(51,'Animalia','Aegla obstipa','Egla','Invertebrados de Água Doce','10/2019','Sim','Sim','Pampa','Sub-bacia Guaíba Sub-bacia Litoral RS\r'),(52,'Animalia','Aegla perobae','Egla','Invertebrados Marinhos','09/2010','Sim','Não','Não Consta','Não Consta\r'),(53,'Animalia','Aegla violacea','Egla','Invertebrados de Água Doce','10/2019','Sim','Sim','Pampa','Sub-bacia Guaíba\r'),(54,'Animalia','Aburria jacutinga','jacutinga','Aves','06/2019','Não','Sim','Cerrado\' Mata Atlântica\' Sistema Costeiro-Marinho','Sub-bacia Doce Sub-bacia Grande Sub-bacia Iguaçu Sub-bacia Litoral RJ Sub-bacia Litoral RJ SP Sub-bacia Litoral SP Sub-bacia Litoral SP PR SC Sub-bacia Paraíba do Sul Sub-bacia Paranapanema Sub-bacia Paraná RH1 Sub-bacia Tietê Sub-bacia Uruguai Médio\r'),(55,'Animalia','Acrobatornis fonsecai','acrobata','Aves','06/2019','Sim','Sim','Mata Atlântica','Sub-bacia Contas Sub-bacia Jequitinhonha\r'),(56,'Animalia','Amadonastur lacernulatus','gavião-pombo-pequeno','Aves','06/2019','Sim','Sim','Caatinga\' Cerrado\' Mata Atlântica','Sub-bacia Contas Sub-bacia Doce Sub-bacia Grande Sub-bacia Iguaçu Sub-bacia Jequitinhonha Sub-bacia Litoral BA ES Sub-bacia Litoral ES Sub-bacia Litoral RJ Sub-bacia Litoral RJ SP Sub-bacia Litoral SP Sub-bacia Litoral SP PR SC Sub-bacia Paraíba do Sul Sub-bacia Paranapanema Sub-bacia São Francisco Alto Sub-bacia Tietê\r'),(57,'Animalia','Amazona pretrei','papagaio-charão','Aves','10/2021','Não','Sim','Mata Atlântica\' Pampa','Sub-bacia Guaíba Sub-bacia Ibicuí Sub-bacia Litoral RS Sub-bacia Litoral SP PR SC Sub-bacia Uruguai Alto Sub-bacia Uruguai Médio\r'),(58,'Animalia','Amazona rhodocorytha','chauá','Aves','10/2021','Sim','Sim','Mata Atlântica','Sub-bacia Contas Sub-bacia Doce Sub-bacia Itapecuru-Paraguaçu Sub-bacia Jequitinhonha Sub-bacia Litoral AL PE PB Sub-bacia Litoral BA ES Sub-bacia Litoral ES Sub-bacia Litoral RJ Sub-bacia Litoral SE Sub-bacia Paraíba do Sul\r'),(59,'Animalia','Amazona vinacea','papagaio-de-peito-roxo','Aves','10/2021','Não','Sim','Caatinga\' Cerrado\' Mata Atlântica\' Pampa','Sub-bacia Doce Sub-bacia Grande Sub-bacia Guaíba Sub-bacia Iguaçu Sub-bacia Itapecuru-Paraguaçu Sub-bacia Jequitinhonha Sub-bacia Litoral BA ES Sub-bacia Litoral ES Sub-bacia Litoral RJ SP Sub-bacia Litoral RS Sub-bacia Litoral SP PR SC Sub-bacia Paraíba do Sul Sub-bacia Paranaíba Sub-bacia Paranapanema Sub-bacia Paraná RH1 Sub-bacia São Francisco Alto Sub-bacia Tietê Sub-bacia Uruguai Alto Sub-bacia Uruguai Médio\r'),(60,'Animalia','Anodorhynchus glaucus','arara-azul-pequena','Aves','06/2019','Não','Não','Mata Atlântica\' Pampa','Sub-bacia Guaíba Sub-bacia Litoral SP PR SC\r'),(61,'Animalia','Amazona rhodocorytha','anumará','Aves','06/2019','Sim','Sim','Caatinga\' Cerrado\' Mata Atlântica','Sub-bacia Doce Sub-bacia Litoral AL PE PB Sub-bacia Litoral ES\r'),(62,'Animalia','Amazona vinacea','Peixe-anual','Peixes Continentais','10/2011','Sim','Não','Caatinga','Sub-bacia Litoral CE PI\r'),(63,'Animalia','Apostolepis arenaria','Cobra-rainha-do-são-francisco','Répteis','11/2019','Sim','Sim','Caatinga','Sub-bacia São Francisco Médio\r'),(64,'Animalia','Apostolepis gaboi','cobra-rainha-das-dunas','Répteis','04/2012','Sim','Não','Não Consta','Não Consta\r'),(65,'Animalia','Apostolepis quirogai','Não Consta','Répteis','11/2019','Não','Sim','Mata Atlântica','Sub-bacia Uruguai Médio\r'),(66,'Animalia','Apostolepis striata','cobra-rainha-estriada','Répteis','04/2012','Sim','Não','Não Consta','Não Consta\r'),(67,'Animalia','Actinote quadra','Borboleta-palha','Invertebrados Terrestres','11/2010','Sim','Não','Mata Atlântica','Sub-bacia Grande Sub-bacia Litoral ES Sub-bacia Litoral RJ Sub-bacia São Francisco Alto\r'),(68,'Animalia','Actinote zikani','Borboleta','Invertebrados Terrestres','09/2016','Sim','Sim','Mata Atlântica','Sub-bacia Litoral SP\r'),(69,'Animalia','Aguarunichthys tocantinsensis','Não Consta','Peixes Continentais','09/2013','Sim','Não','Amazônia','Bacia do rio Tocantins Sub-bacia Tocantins Baixo\r'),(70,'Animalia','Anthus nattereri','caminheiro-grande','Aves','10/2021','Não','Sim','Cerrado\' Mata Atlântica\' Pampa','Sub-bacia Grande Sub-bacia Guaíba Sub-bacia Ibicuí Sub-bacia Iguaçu Sub-bacia Litoral RJ SP Sub-bacia Litoral RS Sub-bacia Litoral SP PR SC Sub-bacia Paranaíba Sub-bacia Paranapanema Sub-bacia São Francisco Alto Sub-bacia Uruguai Alto\r'),(71,'Animalia','Alouatta belzebul','Bugio\' Guariba\' Guariba-de-mãos-ruivas\' Guariba-de-mãos-vermelhas','Mamíferos','09/2019','Sim','Sim','Amazônia\' Cerrado\' Mata Atlântica','Sub-bacia Araguaia Sub-bacia Foz Amazonas Sub-bacia Gurupi Sub-bacia Itapecuru Sub-bacia Litoral AL PE PB Sub-bacia Litoral CE PB Sub-bacia Mearim Sub-bacia Paraíba Sub-bacia Tocantins Alto Sub-bacia Tocantins Baixo Sub-bacia Xingu\r'),(72,'Animalia','Alouatta discolor','Guariba-de-mãos-ruivas\' guariba-de-mãos-vermelhas','Mamíferos','09/2019','Sim','Sim','Amazônia','Sub-bacia Paru Sub-bacia Tapajós Sub-bacia Xingu\r'),(73,'Animalia','Alouatta ululata','Capelão\' Guariba\' Guariba-da-Caatinga','Mamíferos','09/2019','Sim','Sim','Caatinga\' Cerrado','Sub-bacia Itapecuru Sub-bacia Jaguaribe Sub-bacia Litoral CE PI Sub-bacia Parnaíba Alto Sub-bacia Parnaíba Baixo Sub-bacia Parnaíba Médio\r'),(74,'Animalia','Aceratobasis cornicauda','Libélula','Invertebrados de Água Doce','05/2014','Sim','Não','Mata Atlântica','Sub-bacia Litoral BA ES Sub-bacia Litoral ES\r'),(75,'Animalia','Aceratobasis mourei','Libélula','Invertebrados de Água Doce','05/2014','Sim','Não','Mata Atlântica','Sub-bacia Litoral BA ES\r'),(76,'Animalia','Adebrotus lugoi','Efemérida','Invertebrados de Água Doce','11/2019','Sim','Sim','Mata Atlântica','Sub-bacia Doce Sub-bacia Litoral AL PE PB Sub-bacia Litoral BA ES\r'),(77,'Animalia','Arawacus aethesa','Borboleta\' Borboleta formigueira','Invertebrados Terrestres','08/2021','Sim','Sim','Mata Atlântica','Sub-bacia Doce Sub-bacia Jequitinhonha Sub-bacia Litoral BA ES\r'),(78,'Animalia','Ananteris infuscata','Escorpião','Invertebrados Terrestres','03/2014','Sim','Não','Cerrado','Sub-bacia Jequitinhonha\r'),(79,'Animalia','Ameiva parecis','Calango\' Calanguinho','Répteis','04/2021','Sim','Sim','Amazônia\' Cerrado','Sub-bacia Madeira Sub-bacia Tapajós\r'),(80,'Animalia','Ameivula nativo','lagartinho-de-Linhares\' lagartinho-nativo','Répteis','10/2013','Sim','Não','Não Consta','Não Consta\r'),(81,'Animalia','Amphisbaena arda','cobra-de-duas-cabeças','Répteis','08/2014','Sim','Não','Não Consta','Não Consta\r'),(82,'Animalia','Amphisbaena frontalis','cobra-de-duas-cabeças','Répteis','08/2014','Sim','Não','Não Consta','Não Consta\r'),(83,'Animalia','Amphisbaena nigricauda','cobra-de-duas-cabeças','Répteis','08/2014','Sim','Não','Não Consta','Não Consta\r'),(84,'Animalia','Amphisbaena supernumeraria','Cobra-cega\' Cobra-de-duas-cabeças','Répteis','04/2021','Sim','Sim','Caatinga\' Mata Atlântica','Sub-bacia Litoral AL PE PB Sub-bacia São Francisco Baixo Sub-bacia São Francisco Submédio\r'),(85,'Animalia','Amphisbaena uroxena','Cobra-cega\' Cobra-de-duas-cabeças','Répteis','04/2021','Sim','Sim','Caatinga','Sub-bacia Itapecuru-Paraguaçu\r'),(86,'Animalia','Ancistrus cryptophthalmus','Cascudinho-de-caverna','Peixes Continentais','03/2021','Sim','Sim','Cerrado','Sub-bacia Tocantins Alto\r'),(87,'Animalia','Ancistrus formoso','Cascudo-cego','Peixes Continentais','10/2011','Sim','Não','Cerrado','Sub-bacia Paraguai 01\r'),(88,'Animalia','Apareiodon davisi','Peixe-rei','Peixes Continentais','11/2013','Sim','Não','Caatinga','Sub-bacia Jaguaribe Sub-bacia Litoral CE PB Sub-bacia Paraíba Sub-bacia São Francisco Baixo\r'),(89,'Animalia','Arhysosage cactorum','Abelha\' Abelha do cacto','Invertebrados Terrestres','07/2021','Sim','Sim','Pampa','Sub-bacia Guaíba Sub-bacia Ibicuí Sub-bacia Litoral RS Sub-bacia Negro RS\r'),(90,'Animalia','Altitatiayus campoi','besouro-tesoura','Invertebrados Terrestres','10/2014','Sim','Não','Mata Atlântica','Sub-bacia Paraíba do Sul\r'),(91,'Animalia','Altitatiayus dulceae','besouro-tesoura','Invertebrados Terrestres','10/2014','Sim','Não','Mata Atlântica','Sub-bacia Grande\r'),(92,'Animalia','Altitatiayus godinhorum','besouro-tesoura','Invertebrados Terrestres','10/2014','Sim','Não','Mata Atlântica','Sub-bacia Paraíba do Sul\r'),(93,'Animalia','Altitatiayus koikei','besouro-tesoura','Invertebrados Terrestres','10/2014','Sim','Não','Mata Atlântica','Sub-bacia Paraíba do Sul\r'),(94,'Animalia','Altitatiayus rotundatus','besouro-tesoura','Invertebrados Terrestres','10/2014','Sim','Não','Mata Atlântica','Sub-bacia Paraíba do Sul\r'),(95,'Animalia','Altitatiayus ruficollis','besouro-tesoura','Invertebrados Terrestres','10/2014','Sim','Não','Mata Atlântica','Sub-bacia Paraíba do Sul\r'),(96,'Animalia','Altitatiayus trifurcatus','besouro-tesoura','Invertebrados Terrestres','10/2014','Sim','Não','Mata Atlântica','Sub-bacia Paraíba do Sul\r'),(97,'Animalia','Amydetes bellorum','Não Consta','Invertebrados Terrestres','07/2022','Sim','Sim','Mata Atlântica\' Sistema Costeiro-Marinho','Sub-bacia Litoral RJ\r'),(98,'Animalia','Achirus mucuri','solha\' tapa','Peixes Marinhos (ósseos)','05/2014','Sim','Não','Mata Atlântica','Não Consta');
/*!40000 ALTER TABLE `tb_especies` ENABLE KEYS */;
UNLOCK TABLES;

--
-- Table structure for table `tb_familia`
--

DROP TABLE IF EXISTS `tb_familia`;
/*!40101 SET @saved_cs_client     = @@character_set_client */;
/*!50503 SET character_set_client = utf8mb4 */;
CREATE TABLE `tb_familia` (
  `familia` varchar(50) NOT NULL,
  `genero` varchar(50) NOT NULL
) ENGINE=InnoDB DEFAULT CHARSET=utf8mb4 COLLATE=utf8mb4_0900_ai_ci;
/*!40101 SET character_set_client = @saved_cs_client */;

--
-- Dumping data for table `tb_familia`
--

LOCK TABLES `tb_familia` WRITE;
/*!40000 ALTER TABLE `tb_familia` DISABLE KEYS */;
INSERT INTO `tb_familia` VALUES ('Nymphalidae','Adelpha\r'),('Alopiidae','Alopias\r'),('Cracidae','Aburria\r'),('Psittacidae','Anodorhynchus\r'),('Psittacidae','Aratinga\r'),('Tyrannidae','Alectrurus\r'),('Pipridae','Antilophia\r'),('Arrhopalitidae','Arrhopalites\r'),('Aeglidae','Aegla\r'),('Scleropactidae','Amazoniscus\r'),('Sternopygidae','Archolaemus\r'),('Furnariidae','Anabazenops\r'),('Passerellidae','Arremonops\r'),('Eleutherodactylidae','Adelophryne\r'),('Isotomidae','Archisotoma\r'),('Isotomidae','Arlea\r'),('Segestriidae','Ariadna\r'),('Aromobatidae','Anomaloglossus\r'),('Loricariidae','Ancistrus\r'),('Cricetidae','Akodon\r'),('Cracidae','Aburria\r'),('Furnariidae','Acrobatornis\r'),('Accipitridae','Amadonastur\r'),('Psittacidae','Amazona\r'),('Psittacidae','Anodorhynchus\r'),('Icteridae','Anumara\r'),('Rivulidae','Anablepsoides\r'),('Dipsadidae','Apostolepis\r'),('Nymphalidae','Actinote\r'),('Pimelodidae','Aguarunichthys\r'),('Motacillidae','Anthus\r'),('Atelidae','Alouatta\r'),('Coenagrionidae','Aceratobasis\r'),('Baetidae','Adebrotus\r'),('Lycaenidae','Arawacus\r'),('Buthidae','Ananteris\r'),('Teiidae','Ameiva\r'),('Teiidae','Ameivula\r'),('Amphisbaenidae','Amphisbaena\r'),('Loricariidae','Ancistrus\r'),('Parodontidae','Apareiodon\r'),('Andrenidae','Arhysosage\r'),('Lucanidae','Altitatiayus\r'),('Lampyridae','Amydetes\r'),('Achiridae','Achirus');
/*!40000 ALTER TABLE `tb_familia` ENABLE KEYS */;
UNLOCK TABLES;

--
-- Table structure for table `tb_filo`
--

DROP TABLE IF EXISTS `tb_filo`;
/*!40101 SET @saved_cs_client     = @@character_set_client */;
/*!50503 SET character_set_client = utf8mb4 */;
CREATE TABLE `tb_filo` (
  `filo` varchar(50) NOT NULL,
  `classe` varchar(50) NOT NULL
) ENGINE=InnoDB DEFAULT CHARSET=utf8mb4 COLLATE=utf8mb4_0900_ai_ci;
/*!40101 SET character_set_client = @saved_cs_client */;

--
-- Dumping data for table `tb_filo`
--

LOCK TABLES `tb_filo` WRITE;
/*!40000 ALTER TABLE `tb_filo` DISABLE KEYS */;
INSERT INTO `tb_filo` VALUES ('Arthropoda','Insecta\r'),('Arthropoda','Entognatha\r'),('Arthropoda','Malacostraca\r'),('Arthropoda','Arachnida\r'),('Chordata','Actinopterygii\r'),('Chordata','Reptilia\r'),('Chordata','Mammalia\r'),('Chordata','Aves\r'),('Chordata','Amphibia\r'),('Chordata','Elasmobranchi');
/*!40000 ALTER TABLE `tb_filo` ENABLE KEYS */;
UNLOCK TABLES;

--
-- Table structure for table `tb_genero`
--

DROP TABLE IF EXISTS `tb_genero`;
/*!40101 SET @saved_cs_client     = @@character_set_client */;
/*!50503 SET character_set_client = utf8mb4 */;
CREATE TABLE `tb_genero` (
  `genero` varchar(50) NOT NULL,
  `nome_especie` varchar(50) NOT NULL
) ENGINE=InnoDB DEFAULT CHARSET=utf8mb4 COLLATE=utf8mb4_0900_ai_ci;
/*!40101 SET character_set_client = @saved_cs_client */;

--
-- Dumping data for table `tb_genero`
--

LOCK TABLES `tb_genero` WRITE;
/*!40000 ALTER TABLE `tb_genero` DISABLE KEYS */;
INSERT INTO `tb_genero` VALUES ('Adelpha','Adelpha atlantica\r'),('Alopias','Alopias superciliosus\r'),('Alopias','Alopias vulpinus\r'),('Aburria','Aburria cujubi\r'),('Aratinga','Aratinga solstitialis\r'),('Alectrurus','Alectrurus tricolor\r'),('Antilophia','Antilophia bokermanni\r'),('Anodorhynchus','Anodorhynchus leari\r'),('Arrhopalites','Acherontides eleonorae\r'),('Aegla','Aegla cavernicola\r'),('Aegla','Aegla leptochela\r'),('Aegla','Aegla microphthalma\r'),('Amazoniscus','Amazoniscus leistikowi\r'),('Archolaemus','Archolaemus ferreirai\r'),('Archolaemus','Archolaemus santosi\r'),('Arrhopalites','Arrhopalites alambariensis\r'),('Arrhopalites','Arrhopalites amorimi\r'),('Arrhopalites','Arrhopalites botuveraensis\r'),('Arrhopalites','Arrhopalites gnaspinii\r'),('Arrhopalites','Arrhopalites heteroculatus\r'),('Arrhopalites','Arrhopalites lawrencei\r'),('Arrhopalites','Arrhopalites paranaensis\r'),('Anabazenops','Anabazenops dorsalis\r'),('Arremonops','Arremonops conirostris\r'),('Aegla','Aegla charon\r'),('Adelophryne','Adelophryne maranguapensis\r'),('Archisotoma','Archisotoma arariboia\r'),('Arrhopalites','Arrhopalites glabrofasciatus\r'),('Archisotoma','Archisotoma catiae\r'),('Arrhopalites','Aethiopella littoralis\r'),('Arrhopalites','Agraphorura mariapetrae\r'),('Arlea','Arlea arenicola\r'),('Arrhopalites','Arlesia intermedia\r'),('Arlea','Arlea psammophila\r'),('Ariadna','Ariadna aurea\r'),('Anomaloglossus','Anomaloglossus apiau\r'),('Anomaloglossus','Anomaloglossus tepequem\r'),('Ancistrus','Ancistrus minutus\r'),('Akodon','Akodon mystax\r'),('Aegla','Aegla renana\r'),('Aegla','Aegla brevipalma\r'),('Aegla','Aegla camargoi\r'),('Aegla','Aegla franca\r'),('Aegla','Aegla inconspicua\r'),('Aegla','Aegla inermis\r'),('Aegla','Aegla itacolomiensis\r'),('Aegla','Aegla leachi\r'),('Aegla','Aegla leptodactyla\r'),('Aegla','Aegla manuinflata\r'),('Aegla','Aegla oblata\r'),('Aegla','Aegla obstipa\r'),('Aegla','Aegla perobae\r'),('Aegla','Aegla violacea\r'),('Aburria','Aburria jacutinga\r'),('Acrobatornis','Acrobatornis fonsecai\r'),('Amadonastur','Amadonastur lacernulatus\r'),('Amazona','Amazona pretrei\r'),('Amazona','Amazona rhodocorytha\r'),('Amazona','Amazona vinacea\r'),('Anodorhynchus','Anodorhynchus glaucus\r'),('Anumara','Anumara forbesi\r'),('Anablepsoides','Anablepsoides cearensis\r'),('Apostolepis','Apostolepis arenaria\r'),('Apostolepis','Apostolepis gaboi\r'),('Apostolepis','Apostolepis quirogai\r'),('Apostolepis','Apostolepis striata\r'),('Actinote','Actinote quadra\r'),('Actinote','Actinote zikani\r'),('Aguarunichthys','Aguarunichthys tocantinsensis\r'),('Anthus','Anthus nattereri\r'),('Alouatta','Alouatta belzebul\r'),('Alouatta','Alouatta discolor\r'),('Alouatta','Alouatta ululata\r'),('Aceratobasis','Aceratobasis cornicauda\r'),('Aceratobasis','Aceratobasis mourei\r'),('Adebrotus','Adebrotus lugoi\r'),('Arawacus','Arawacus aethesa\r'),('Ananteris','Ananteris infuscata\r'),('Ameiva','Ameiva parecis\r'),('Ameivula','Ameivula nativo\r'),('Amphisbaena','Amphisbaena arda\r'),('Amphisbaena','Amphisbaena frontalis\r'),('Amphisbaena','Amphisbaena nigricauda\r'),('Amphisbaena','Amphisbaena supernumeraria\r'),('Amphisbaena','Amphisbaena uroxena\r'),('Ancistrus','Ancistrus cryptophthalmus\r'),('Ancistrus','Ancistrus formoso\r'),('Apareiodon','Apareiodon davisi\r'),('Arhysosage','Arhysosage cactorum\r'),('Altitatiayus','Altitatiayus campoi\r'),('Altitatiayus','Altitatiayus dulceae\r'),('Altitatiayus','Altitatiayus godinhorum\r'),('Altitatiayus','Altitatiayus koikei\r'),('Altitatiayus','Altitatiayus rotundatus\r'),('Altitatiayus','Altitatiayus ruficollis\r'),('Altitatiayus','Altitatiayus trifurcatus\r'),('Amydetes','Amydetes bellorum\r'),('Achirus','Achirus mucuri');
/*!40000 ALTER TABLE `tb_genero` ENABLE KEYS */;
UNLOCK TABLES;

--
-- Table structure for table `tb_localizacao`
--

DROP TABLE IF EXISTS `tb_localizacao`;
/*!40101 SET @saved_cs_client     = @@character_set_client */;
/*!50503 SET character_set_client = utf8mb4 */;
CREATE TABLE `tb_localizacao` (
  `regiao_id` int NOT NULL,
  `nome_especie` varchar(50) NOT NULL
) ENGINE=InnoDB DEFAULT CHARSET=utf8mb4 COLLATE=utf8mb4_0900_ai_ci;
/*!40101 SET character_set_client = @saved_cs_client */;

--
-- Dumping data for table `tb_localizacao`
--

LOCK TABLES `tb_localizacao` WRITE;
/*!40000 ALTER TABLE `tb_localizacao` DISABLE KEYS */;
INSERT INTO `tb_localizacao` VALUES (1,'Anabazenops dorsalis\r'),(2,'Arremonops conirostris\r'),(2,'Anomaloglossus apiau\r'),(2,'Anomaloglossus tepequem\r'),(3,'Alopias superciliosus\r'),(3,'Alopias vulpinus\r'),(3,'Aguarunichthys tocantinsensis\r'),(3,'Aburria cujubi\r'),(3,'Alouatta belzebul\r'),(3,'Alouatta discolor\r'),(4,'Aburria cujubi\r'),(4,'Alectrurus tricolor\r'),(4,'Alouatta belzebul\r'),(5,'Aburria cujubi\r'),(5,'Archolaemus santosi\r'),(5,'Anabazenops dorsalis\r'),(5,'Ameiva parecis\r'),(6,'Alopias superciliosus\r'),(6,'Alopias vulpinus\r'),(6,'Antilophia bokermanni\r'),(6,'Anablepsoides cearensis\r'),(6,'Alouatta ululata\r'),(6,'Apareiodon davisi\r'),(7,'Alopias superciliosus\r'),(7,'Alopias vulpinus\r'),(7,'Anodorhynchus leari\r'),(7,'Ariadna aurea\r'),(7,'Acrobatornis fonsecai\r'),(7,'Amadonastur lacernulatus\r'),(7,'Amazona rhodocorytha\r'),(7,'Apostolepis arenaria\r'),(7,'Arawacus aethesa\r'),(8,'Alopias superciliosus\r'),(8,'Alopias vulpinus\r'),(8,'Aburria cujubi\r'),(8,'Alouatta belzebul\r'),(8,'Alouatta ululata\r'),(9,'Alopias superciliosus\r'),(9,'Alopias vulpinus\r'),(9,'Alouatta ululata\r'),(10,'Alopias superciliosus\r'),(10,'Alopias vulpinus\r'),(10,'Anumara forbesi\r'),(10,'Alouatta belzebul\r'),(10,'Adebrotus lugoi\r'),(10,'Amphisbaena supernumeraria\r'),(10,'Apareiodon davisi\r'),(11,'Alopias superciliosus\r'),(11,'Alopias vulpinus\r'),(11,'Amazona rhodocorytha\r'),(11,'Anumara forbesi\r'),(12,'Alopias superciliosus\r'),(12,'Alopias vulpinus\r'),(12,'Amazona rhodocorytha\r'),(13,'Alopias superciliosus\r'),(13,'Alopias vulpinus\r'),(13,'Alouatta belzebul\r'),(13,'Apareiodon davisi\r'),(14,'Alopias superciliosus\r'),(14,'Alopias vulpinus\r'),(14,'Alouatta belzebul\r'),(14,'Apareiodon davisi\r'),(15,'Adelpha atlantica\r'),(15,'Alopias superciliosus\r'),(15,'Alopias vulpinus\r'),(15,'Archisotoma arariboia\r'),(15,'Archisotoma catiae\r'),(15,'Aethiopella littoralis\r'),(15,'Agraphorura mariapetrae\r'),(15,'Arlea arenicola\r'),(15,'Arlesia intermedia\r'),(15,'Arlea psammophila\r'),(15,'Amadonastur lacernulatus\r'),(15,'Amazona rhodocorytha\r'),(15,'Actinote quadra\r'),(15,'Altitatiayus dulceae\r'),(15,'Altitatiayus godinhorum\r'),(15,'Altitatiayus rotundatus\r'),(15,'Altitatiayus ruficollis\r'),(15,'Amydetes bellorum\r'),(16,'Alopias superciliosus\r'),(16,'Alopias vulpinus\r'),(16,'Alectrurus tricolor\r'),(16,'Acherontides eleonorae\r'),(16,'Aegla cavernicola\r'),(16,'Aegla leptochela\r'),(16,'Aegla microphthalma\r'),(16,'Arrhopalites alambariensis\r'),(16,'Arrhopalites amorimi\r'),(16,'Arrhopalites gnaspinii\r'),(16,'Arrhopalites heteroculatus\r'),(16,'Arrhopalites lawrencei\r'),(16,'Aegla charon\r'),(16,'Aburria jacutinga\r'),(16,'Amadonastur lacernulatus\r'),(16,'Amazona vinacea\r'),(16,'Actinote zikani\r'),(16,'Altitatiayus campoi\r'),(17,'Alopias superciliosus\r'),(17,'Alopias vulpinus\r'),(17,'Amadonastur lacernulatus\r'),(17,'Amazona rhodocorytha\r'),(17,'Amazona vinacea\r'),(17,'Amazona rhodocorytha\r'),(17,'Actinote quadra\r'),(17,'Aceratobasis cornicauda\r'),(17,'Aceratobasis mourei\r'),(17,'Adebrotus lugoi\r'),(17,'Arawacus aethesa\r'),(18,'Alectrurus tricolor\r'),(18,'Arrhopalites glabrofasciatus\r'),(18,'Aburria jacutinga\r'),(18,'Acrobatornis fonsecai\r'),(18,'Amadonastur lacernulatus\r'),(18,'Amazona rhodocorytha\r'),(18,'Amazona vinacea\r'),(18,'Amazona rhodocorytha\r'),(18,'Actinote quadra\r'),(18,'Anthus nattereri\r'),(18,'Ananteris infuscata\r'),(18,'Altitatiayus koikei\r'),(18,'Altitatiayus trifurcatus\r'),(19,'Aburria cujubi\r'),(19,'Alectrurus tricolor\r'),(19,'Ancistrus minutus\r'),(19,'Ancistrus cryptophthalmus\r'),(20,'Aburria cujubi\r'),(20,'Anabazenops dorsalis\r'),(20,'Alouatta belzebul\r'),(20,'Alouatta discolor\r'),(20,'Ameiva parecis\r'),(21,'Aburria cujubi\r'),(21,'Alectrurus tricolor\r'),(21,'Aburria jacutinga\r'),(21,'Ancistrus formoso\r'),(22,'Alectrurus tricolor\r'),(23,'Alopias superciliosus\r'),(23,'Alopias vulpinus\r'),(23,'Arrhopalites botuveraensis\r'),(23,'Aegla brevipalma\r'),(23,'Aegla camargoi\r'),(23,'Aegla leachi\r'),(23,'Aegla manuinflata\r'),(23,'Aburria jacutinga\r'),(23,'Amadonastur lacernulatus\r'),(23,'Amazona pretrei\r'),(23,'Anodorhynchus glaucus\r'),(23,'Anthus nattereri\r'),(24,'Alopias superciliosus\r'),(24,'Alopias vulpinus\r'),(24,'Alectrurus tricolor\r'),(24,'Arrhopalites paranaensis\r'),(24,'Aburria jacutinga\r'),(24,'Amadonastur lacernulatus\r'),(24,'Amazona vinacea\r'),(25,'Alopias superciliosus\r'),(25,'Alopias vulpinus\r'),(25,'Alectrurus tricolor\r'),(25,'Aegla camargoi\r'),(25,'Aegla inconspicua\r'),(25,'Aegla inermis\r'),(25,'Aegla itacolomiensis\r'),(25,'Aegla manuinflata\r'),(25,'Aegla obstipa\r'),(25,'Aegla violacea\r'),(25,'Aburria jacutinga\r'),(25,'Amazona pretrei\r'),(25,'Anodorhynchus glaucus\r'),(25,'Apostolepis quirogai\r'),(25,'Anthus nattereri\r'),(25,'Arhysosage cactorum\r'),(26,'Alopias superciliosus\r'),(26,'Alopias vulpinus\r'),(27,'Aburria cujubi\r'),(0,'Akodon mystax\r'),(0,'Aegla renana\r'),(0,'Aegla franca\r'),(0,'Aegla leptodactyla\r'),(0,'Aegla perobae\r'),(0,'Apostolepis gaboi\r'),(0,'Apostolepis striata\r'),(0,'Ameivula nativo\r'),(0,'Amphisbaena arda\r'),(0,'Amphisbaena frontalis\r'),(0,'Amphisbaena nigricauda\r'),(0,'Achirus mucuri');
/*!40000 ALTER TABLE `tb_localizacao` ENABLE KEYS */;
UNLOCK TABLES;

--
-- Table structure for table `tb_ordem`
--

DROP TABLE IF EXISTS `tb_ordem`;
/*!40101 SET @saved_cs_client     = @@character_set_client */;
/*!50503 SET character_set_client = utf8mb4 */;
CREATE TABLE `tb_ordem` (
  `ordem` varchar(50) NOT NULL,
  `familia` varchar(50) NOT NULL
) ENGINE=InnoDB DEFAULT CHARSET=utf8mb4 COLLATE=utf8mb4_0900_ai_ci;
/*!40101 SET character_set_client = @saved_cs_client */;

--
-- Dumping data for table `tb_ordem`
--

LOCK TABLES `tb_ordem` WRITE;
/*!40000 ALTER TABLE `tb_ordem` DISABLE KEYS */;
INSERT INTO `tb_ordem` VALUES ('Lepidoptera','Nymphalidae\r'),('Lepidoptera','Lycaenidae\r'),('Lamniformes','Alopiidae\r'),('Galliformes','Cracidae\r'),('Psittaciformes','Psittacidae\r'),('Passeriformes','Tyrannidae\r'),('Passeriformes','Pipridae\r'),('Passeriformes','Furnariidae\r'),('Passeriformes','Icteridae\r'),('Passeriformes','Motacillidae\r'),('Symphypleona','Arrhopalitidae\r'),('Decapoda','Aeglidae\r'),('Isopoda','Scleropactidae\r'),('Gymnotiformes','Sternopygidae\r'),('Anura','Eleutherodactylidae\r'),('Anura','Aromobatidae\r'),('Collembola','Isotomidae\r'),('Collembola','Arrhopalitidae\r'),('Entomobryomorpha','Isotomidae\r'),('Araneae','Segestriidae\r'),('Siluriformes','Loricariidae\r'),('Rodentia','Cricetidae\r'),('Accipitriformes','Accipitridae\r'),('Cyprinodontiformes','Rivulidae\r'),('Squamata','Dipsadidae\r'),('Squamata','Teiidae\r'),('Squamata','Amphisbaenidae\r'),('Primates','Atelidae\r'),('Zygoptera','Coenagrionidae\r'),('Ephemeroptera','Baetidae\r'),('Scorpiones','Buthidae\r'),('Characiformes','Parodontidae\r'),('Hymenoptera','Andrenidae\r'),('Coleoptera','Lucanidae\r'),('Coleoptera','Lampyridae\r'),('Pleuronectiformes','Achiridae');
/*!40000 ALTER TABLE `tb_ordem` ENABLE KEYS */;
UNLOCK TABLES;

--
-- Table structure for table `tb_regiao`
--

DROP TABLE IF EXISTS `tb_regiao`;
/*!40101 SET @saved_cs_client     = @@character_set_client */;
/*!50503 SET character_set_client = utf8mb4 */;
CREATE TABLE `tb_regiao` (
  `id` int NOT NULL AUTO_INCREMENT,
  `regiao` varchar(30) NOT NULL,
  `estado` varchar(50) NOT NULL,
  PRIMARY KEY (`id`)
) ENGINE=InnoDB AUTO_INCREMENT=32 DEFAULT CHARSET=utf8mb4 COLLATE=utf8mb4_0900_ai_ci;
/*!40101 SET character_set_client = @saved_cs_client */;

--
-- Dumping data for table `tb_regiao`
--

LOCK TABLES `tb_regiao` WRITE;
/*!40000 ALTER TABLE `tb_regiao` DISABLE KEYS */;
INSERT INTO `tb_regiao` VALUES (1,'Norte','Acre\r'),(2,'Norte','Roraima\r'),(3,'Norte','Pará\r'),(4,'Norte','Tocantins\r'),(5,'Norte','Rondônia\r'),(6,'Nordeste','Ceará\r'),(7,'Nordeste','Bahia\r'),(8,'Nordeste','Maranhão\r'),(9,'Nordeste','Piaui\r'),(10,'Nordeste','Pernambuco\r'),(11,'Nordeste','Alagoas\r'),(12,'Nordeste','Sergipe\r'),(13,'Nordeste','Paraiba\r'),(14,'Nordeste','Rio Grande do Norte\r'),(15,'Sudeste','Rio de Janeiro\r'),(16,'Sudeste','São Paulo\r'),(17,'Sudeste','Espirito Santo\r'),(18,'Sudeste','Minas Gerais\r'),(19,'Centro Oeste','Goias\r'),(20,'Centro Oeste','Mato Grosso\r'),(21,'Centro Oeste','Mato Grosso do Sul\r'),(22,'Centro Oeste','Distrito Federal\r'),(23,'Sul','Santa Catarina\r'),(24,'Sul','Paraná\r'),(25,'Sul','Rio Grande do Sul\r'),(26,'Norte','Amapa\r'),(27,'Norte','Amazonas');
/*!40000 ALTER TABLE `tb_regiao` ENABLE KEYS */;
UNLOCK TABLES;

--
-- Table structure for table `tb_uso`
--

DROP TABLE IF EXISTS `tb_uso`;
/*!40101 SET @saved_cs_client     = @@character_set_client */;
/*!50503 SET character_set_client = utf8mb4 */;
CREATE TABLE `tb_uso` (
  `genero` varchar(50) NOT NULL,
  `nome_especie` varchar(50) NOT NULL,
  `uso` varchar(300) NOT NULL
) ENGINE=InnoDB DEFAULT CHARSET=utf8mb4 COLLATE=utf8mb4_0900_ai_ci;
/*!40101 SET character_set_client = @saved_cs_client */;

--
-- Dumping data for table `tb_uso`
--

LOCK TABLES `tb_uso` WRITE;
/*!40000 ALTER TABLE `tb_uso` DISABLE KEYS */;
INSERT INTO `tb_uso` VALUES ('Alopias','Alopias superciliosus','1 - Alimentação humana\r'),('Alopias','Alopias superciliosus','1.7 - Pesca artesanal 1 - Alimentação humana\r'),('Alopias','Alopias superciliosus','1.8 - Pesca industrial 4 - Caça/pesca esportiva\r'),('Alopias','Alopias vulpinus','13 - Outros bens de consumo 1 - Alimentação humana\r'),('Alopias','Alopias vulpinus','1.8 - Pesca industrial 1 - Alimentação humana\r'),('Alopias','Alopias vulpinus','1.8 - Pesca industrial\r'),('Alopias','Alopias vulpinus','1.8.6 - Arrasto 1 - Alimentação humana\r'),('Alopias','Alopias vulpinus','1.8 - Pesca industrial\r'),('Alopias','Alopias vulpinus','1.8.7 - Emalhe 1 - Alimentação humana\r'),('Alopias','Alopias vulpinus','1.8 - Pesca industrial\r'),('Alopias','Alopias vulpinus','1.8.8 - Espinhel 4 - Caça/pesca esportiva\r'),('Aratinga','Aratinga solstitialis','3 - Animais de estimação/ornamentais\r'),('Anodorhynchus','Anodorhynchus leari','3 - Animais de estimação/ornamentais\r'),('Arrhopalites','Acherontides eleonorae','15 - Pesquisa\r'),('Aegla','Aegla cavernicola','15 - Pesquisa\r'),('Aegla','Aegla leptochela','15 - Pesquisa\r'),('Aegla','Aegla microphthalma','15 - Pesquisa\r'),('Arrhopalites','Arrhopalites alambariensis','15 - Pesquisa 16 - Outro\r'),('Arrhopalites','Arrhopalites amorimi','15 - Pesquisa\r'),('Arrhopalites','Arrhopalites botuveraensis','15 - Pesquisa\r'),('Arrhopalites','Arrhopalites gnaspinii','15 - Pesquisa\r'),('Arrhopalites','Arrhopalites heteroculatus','15 - Pesquisa\r'),('Arrhopalites','Arrhopalites lawrencei','15 - Pesquisa\r'),('Arrhopalites','Arrhopalites paranaensis','15 - Pesquisa\r'),('Aburria','Aburria jacutinga','12 - Vestuário acessório 1 - Alimentação humana\r'),('Amazona','Amazona pretrei','3 - Animais de estimação/ornamentais\r'),('Amazona','Amazona rhodocorytha','3 - Animais de estimação/ornamentais\r'),('Amazona','Amazona vinacea','1 - Alimentação humana\r'),('Amazona','Amazona vinacea','1.1 - Caça de subsistência 1 - Alimentação humana\r'),('Amazona','Amazona vinacea','1.2 - Caça para comércio\r'),('Amazona','Amazona vinacea','1.2.1 - Nacional/Local 4 - Caça/pesca esportiva\r'),('Anumara','Anumara forbesi','3 - Animais de estimação/ornamentais\r'),('Alouatta','Alouatta belzebul','1 - Alimentação humana\r'),('Alouatta','Alouatta belzebul','1.1 - Caça de subsistência 3 - Animais de estimação/ornamentais\r'),('Alouatta','Alouatta ululata','1 - Alimentação humana\r'),('Alouatta','Alouatta ululata','1.1 - Caça de subsistência 2 - Alimentação animal 3 - Animais de estimação/ornamentais 5 - Medicina humana ou veterinária\r'),('Ancistrus','Ancistrus cryptophthalmus','3 - Animais de estimação/ornamentais\r'),('Altitatiayus','Altitatiayus campoi','3 - Animais de estimação/ornamentais');
/*!40000 ALTER TABLE `tb_uso` ENABLE KEYS */;
UNLOCK TABLES;
/*!40103 SET TIME_ZONE=@OLD_TIME_ZONE */;

/*!40101 SET SQL_MODE=@OLD_SQL_MODE */;
/*!40014 SET FOREIGN_KEY_CHECKS=@OLD_FOREIGN_KEY_CHECKS */;
/*!40014 SET UNIQUE_CHECKS=@OLD_UNIQUE_CHECKS */;
/*!40101 SET CHARACTER_SET_CLIENT=@OLD_CHARACTER_SET_CLIENT */;
/*!40101 SET CHARACTER_SET_RESULTS=@OLD_CHARACTER_SET_RESULTS */;
/*!40101 SET COLLATION_CONNECTION=@OLD_COLLATION_CONNECTION */;
/*!40111 SET SQL_NOTES=@OLD_SQL_NOTES */;

-- Dump completed on 2025-01-24 16:26:25
